id,name,parent_id,level,path_names,path_ids
8e655f5e-4bac-403a-8db0-8b8bec46a7fb,Основные строительные работы,,0,Основные строительные работы,8e655f5e-4bac-403a-8db0-8b8bec46a7fb
af5d5d96-c94a-4995-be52-31cd67159f90,Бетонные работы,8e655f5e-4bac-403a-8db0-8b8bec46a7fb,1,Основные строительные работы/Бетонные работы,8e655f5e-4bac-403a-8db0-8b8bec46a7fb/af5d5d96-c94a-4995-be52-31cd67159f90
3bcce338-8b8a-404b-a060-f1a1c9f03530,Разное,af5d5d96-c94a-4995-be52-31cd67159f90,2,Основные строительные работы/Бетонные работы/Разное,8e655f5e-4bac-403a-8db0-8b8bec46a7fb/af5d5d96-c94a-4995-be52-31cd67159f90/3bcce338-8b8a-404b-a060-f1a1c9f03530
e7fc9718-72cf-44cf-99cf-4f33539f829b,Отделка,,0,Отделка,e7fc9718-72cf-44cf-99cf-4f33539f829b
46eb4383-3a61-4164-a229-c908ad83233d,Этап №0,,0,Этап №0,46eb4383-3a61-4164-a229-c908ad83233d
2dc25479-d6be-4277-bd96-a5b77d016520,Этап №0,,0,Этап №0,2dc25479-d6be-4277-bd96-a5b77d016520
619d75ba-1fb5-4844-8d2b-d0d85ada8f3a,Демонта,46eb4383-3a61-4164-a229-c908ad83233d,1,Этап №0/Демонта,46eb4383-3a61-4164-a229-c908ad83233d/619d75ba-1fb5-4844-8d2b-d0d85ada8f3a
02a42337-d7f9-4854-8ece-3a5f4cc6bfdd,Демонтаж,46eb4383-3a61-4164-a229-c908ad83233d,1,Этап №0/Демонтаж,46eb4383-3a61-4164-a229-c908ad83233d/02a42337-d7f9-4854-8ece-3a5f4cc6bfdd
6cc4e07d-662f-41fa-8990-79c78a1e963b,Бытовая техника,02a42337-d7f9-4854-8ece-3a5f4cc6bfdd,2,Этап №0/Демонтаж/Бытовая техника,46eb4383-3a61-4164-a229-c908ad83233d/02a42337-d7f9-4854-8ece-3a5f4cc6bfdd/6cc4e07d-662f-41fa-8990-79c78a1e963b
ff2085ff-8cc7-4101-a389-986d06ab17a4,Кухня,02a42337-d7f9-4854-8ece-3a5f4cc6bfdd,2,Этап №0/Демонтаж/Кухня,46eb4383-3a61-4164-a229-c908ad83233d/02a42337-d7f9-4854-8ece-3a5f4cc6bfdd/ff2085ff-8cc7-4101-a389-986d06ab17a4
9896a8f9-abcc-46b3-b281-6a312e80a683,Мебель,02a42337-d7f9-4854-8ece-3a5f4cc6bfdd,2,Этап №0/Демонтаж/Мебель,46eb4383-3a61-4164-a229-c908ad83233d/02a42337-d7f9-4854-8ece-3a5f4cc6bfdd/9896a8f9-abcc-46b3-b281-6a312e80a683
799c23ce-1785-48e5-a071-fdaadcb3dbbc,Освещение,02a42337-d7f9-4854-8ece-3a5f4cc6bfdd,2,Этап №0/Демонтаж/Освещение,46eb4383-3a61-4164-a229-c908ad83233d/02a42337-d7f9-4854-8ece-3a5f4cc6bfdd/799c23ce-1785-48e5-a071-fdaadcb3dbbc
fd6f8d4a-23cc-4b24-8307-8aa932c20d32,Полы,02a42337-d7f9-4854-8ece-3a5f4cc6bfdd,2,Этап №0/Демонтаж/Полы,46eb4383-3a61-4164-a229-c908ad83233d/02a42337-d7f9-4854-8ece-3a5f4cc6bfdd/fd6f8d4a-23cc-4b24-8307-8aa932c20d32
725e86f6-4fbb-416e-972c-d39b3d8a124d,Потолок,02a42337-d7f9-4854-8ece-3a5f4cc6bfdd,2,Этап №0/Демонтаж/Потолок,46eb4383-3a61-4164-a229-c908ad83233d/02a42337-d7f9-4854-8ece-3a5f4cc6bfdd/725e86f6-4fbb-416e-972c-d39b3d8a124d
73350737-eba8-47da-bd53-fc580d212a8e,Сантехника,02a42337-d7f9-4854-8ece-3a5f4cc6bfdd,2,Этап №0/Демонтаж/Сантехника,46eb4383-3a61-4164-a229-c908ad83233d/02a42337-d7f9-4854-8ece-3a5f4cc6bfdd/73350737-eba8-47da-bd53-fc580d212a8e
c957d58c-e923-430f-a658-959cae68a84f,Стены,02a42337-d7f9-4854-8ece-3a5f4cc6bfdd,2,Этап №0/Демонтаж/Стены,46eb4383-3a61-4164-a229-c908ad83233d/02a42337-d7f9-4854-8ece-3a5f4cc6bfdd/c957d58c-e923-430f-a658-959cae68a84f
8d74af1f-271c-4ea8-be2c-cfd237d7948c,Электрика,02a42337-d7f9-4854-8ece-3a5f4cc6bfdd,2,Этап №0/Демонтаж/Электрика,46eb4383-3a61-4164-a229-c908ad83233d/02a42337-d7f9-4854-8ece-3a5f4cc6bfdd/8d74af1f-271c-4ea8-be2c-cfd237d7948c
1dca1548-80b2-4618-9a11-dc4d38f4864f,Межкомнатные двери,619d75ba-1fb5-4844-8d2b-d0d85ada8f3a,2,Этап №0/Демонта/Межкомнатные двери,46eb4383-3a61-4164-a229-c908ad83233d/619d75ba-1fb5-4844-8d2b-d0d85ada8f3a/1dca1548-80b2-4618-9a11-dc4d38f4864f
72f01572-6910-402c-bcee-5270a2beb771,Полы,2dc25479-d6be-4277-bd96-a5b77d016520,1,Этап №0/Полы,2dc25479-d6be-4277-bd96-a5b77d016520/72f01572-6910-402c-bcee-5270a2beb771
20504b06-cfa6-4d07-ad20-64e926d3884d,Потолок,2dc25479-d6be-4277-bd96-a5b77d016520,1,Этап №0/Потолок,2dc25479-d6be-4277-bd96-a5b77d016520/20504b06-cfa6-4d07-ad20-64e926d3884d
9c2a8473-aa85-497c-a4e3-09f653be7c89,Прочие виды работ,2dc25479-d6be-4277-bd96-a5b77d016520,1,Этап №0/Прочие виды работ,2dc25479-d6be-4277-bd96-a5b77d016520/9c2a8473-aa85-497c-a4e3-09f653be7c89
e33315b2-2de2-4ed1-91df-97e908edcdb3,Сантехнические работы,2dc25479-d6be-4277-bd96-a5b77d016520,1,Этап №0/Сантехнические работы,2dc25479-d6be-4277-bd96-a5b77d016520/e33315b2-2de2-4ed1-91df-97e908edcdb3
8247e0dc-553e-4c4b-82ec-f742accad6d3,Демонтаж ванной,e33315b2-2de2-4ed1-91df-97e908edcdb3,2,Этап №0/Сантехнические работы/Демонтаж ванной,2dc25479-d6be-4277-bd96-a5b77d016520/e33315b2-2de2-4ed1-91df-97e908edcdb3/8247e0dc-553e-4c4b-82ec-f742accad6d3
472c570b-374c-4850-bcfe-c74d4ec135e9,Демонтаж душевой кабины/подиума,e33315b2-2de2-4ed1-91df-97e908edcdb3,2,Этап №0/Сантехнические работы/Демонтаж душевой кабины/подиума,2dc25479-d6be-4277-bd96-a5b77d016520/e33315b2-2de2-4ed1-91df-97e908edcdb3/472c570b-374c-4850-bcfe-c74d4ec135e9
3354ccef-5a64-461b-b42f-98359e50f270,Демонтаж радиаторов отопления,e33315b2-2de2-4ed1-91df-97e908edcdb3,2,Этап №0/Сантехнические работы/Демонтаж радиаторов отопления,2dc25479-d6be-4277-bd96-a5b77d016520/e33315b2-2de2-4ed1-91df-97e908edcdb3/3354ccef-5a64-461b-b42f-98359e50f270
b3abf4cd-78f4-46f9-b4ef-976e3bef402d,Демонтаж раковины и мойки,e33315b2-2de2-4ed1-91df-97e908edcdb3,2,Этап №0/Сантехнические работы/Демонтаж раковины и мойки,2dc25479-d6be-4277-bd96-a5b77d016520/e33315b2-2de2-4ed1-91df-97e908edcdb3/b3abf4cd-78f4-46f9-b4ef-976e3bef402d
dbc85534-762d-4b64-a89e-83e8f7d18c95,Демонтаж смесителя,e33315b2-2de2-4ed1-91df-97e908edcdb3,2,Этап №0/Сантехнические работы/Демонтаж смесителя,2dc25479-d6be-4277-bd96-a5b77d016520/e33315b2-2de2-4ed1-91df-97e908edcdb3/dbc85534-762d-4b64-a89e-83e8f7d18c95
715e5384-fc17-4452-84d2-748a23520296,"Демонтаж труб и стояков, арматуры",e33315b2-2de2-4ed1-91df-97e908edcdb3,2,"Этап №0/Сантехнические работы/Демонтаж труб и стояков, арматуры",2dc25479-d6be-4277-bd96-a5b77d016520/e33315b2-2de2-4ed1-91df-97e908edcdb3/715e5384-fc17-4452-84d2-748a23520296
217f48af-b8ac-498b-be9a-54555436262e,Демонтаж унитаза,e33315b2-2de2-4ed1-91df-97e908edcdb3,2,Этап №0/Сантехнические работы/Демонтаж унитаза,2dc25479-d6be-4277-bd96-a5b77d016520/e33315b2-2de2-4ed1-91df-97e908edcdb3/217f48af-b8ac-498b-be9a-54555436262e
4b84bdb0-6f1d-4daf-beba-a16ca8ffd84c,Стены,2dc25479-d6be-4277-bd96-a5b77d016520,1,Этап №0/Стены,2dc25479-d6be-4277-bd96-a5b77d016520/4b84bdb0-6f1d-4daf-beba-a16ca8ffd84c
e65b8490-96d0-4e41-a1f7-42af6ca5e69b,Электромонтажные работы,2dc25479-d6be-4277-bd96-a5b77d016520,1,Этап №0/Электромонтажные работы,2dc25479-d6be-4277-bd96-a5b77d016520/e65b8490-96d0-4e41-a1f7-42af6ca5e69b
7b3bf74e-0270-464e-a3c7-2547b7ad9281,Этап №1,,0,Этап №1,7b3bf74e-0270-464e-a3c7-2547b7ad9281
c9dca01e-0c10-44a8-a6a0-3a934b2a79b2,Этап №1,,0,Этап №1,c9dca01e-0c10-44a8-a6a0-3a934b2a79b2
9f834235-ac6f-43cb-875a-0cc7a29552d7,Монтаж,c9dca01e-0c10-44a8-a6a0-3a934b2a79b2,1,Этап №1/Монтаж,c9dca01e-0c10-44a8-a6a0-3a934b2a79b2/9f834235-ac6f-43cb-875a-0cc7a29552d7
37937dc5-9fd4-4bd2-8201-9f584410b76b,Перегородки,9f834235-ac6f-43cb-875a-0cc7a29552d7,2,Этап №1/Монтаж/Перегородки,c9dca01e-0c10-44a8-a6a0-3a934b2a79b2/9f834235-ac6f-43cb-875a-0cc7a29552d7/37937dc5-9fd4-4bd2-8201-9f584410b76b
83de7b43-5d23-4cde-ae4e-5fd7caf16e8e,Окна,7b3bf74e-0270-464e-a3c7-2547b7ad9281,1,Этап №1/Окна,7b3bf74e-0270-464e-a3c7-2547b7ad9281/83de7b43-5d23-4cde-ae4e-5fd7caf16e8e
0608a3cf-3ba3-4b80-9d0a-f4b402338886,Потолок,7b3bf74e-0270-464e-a3c7-2547b7ad9281,1,Этап №1/Потолок,7b3bf74e-0270-464e-a3c7-2547b7ad9281/0608a3cf-3ba3-4b80-9d0a-f4b402338886
230312ce-bf99-4e24-ad07-3fd5bb4cb72d,Потолок: Шпаклевка,c9dca01e-0c10-44a8-a6a0-3a934b2a79b2,1,Этап №1/Потолок: Шпаклевка,c9dca01e-0c10-44a8-a6a0-3a934b2a79b2/230312ce-bf99-4e24-ad07-3fd5bb4cb72d
9d80c1c3-c362-4600-9823-5b6248ca56ff,Потолки,230312ce-bf99-4e24-ad07-3fd5bb4cb72d,2,Этап №1/Потолок: Шпаклевка/Потолки,c9dca01e-0c10-44a8-a6a0-3a934b2a79b2/230312ce-bf99-4e24-ad07-3fd5bb4cb72d/9d80c1c3-c362-4600-9823-5b6248ca56ff
55b4f997-c637-4788-a9af-61faf397e3b3,Потолок: Штукатурка,c9dca01e-0c10-44a8-a6a0-3a934b2a79b2,1,Этап №1/Потолок: Штукатурка,c9dca01e-0c10-44a8-a6a0-3a934b2a79b2/55b4f997-c637-4788-a9af-61faf397e3b3
ff3dd1d2-a6b5-42c3-a8de-a6cfb5088f4e,Потолки,55b4f997-c637-4788-a9af-61faf397e3b3,2,Этап №1/Потолок: Штукатурка/Потолки,c9dca01e-0c10-44a8-a6a0-3a934b2a79b2/55b4f997-c637-4788-a9af-61faf397e3b3/ff3dd1d2-a6b5-42c3-a8de-a6cfb5088f4e
f0231a44-2a08-4e36-8e48-a1ec135a8d3c,Штукатурные работы,0608a3cf-3ba3-4b80-9d0a-f4b402338886,2,Этап №1/Потолок/Штукатурные работы,7b3bf74e-0270-464e-a3c7-2547b7ad9281/0608a3cf-3ba3-4b80-9d0a-f4b402338886/f0231a44-2a08-4e36-8e48-a1ec135a8d3c
203798e6-af88-42c4-b069-536f3904c583,Проемы,7b3bf74e-0270-464e-a3c7-2547b7ad9281,1,Этап №1/Проемы,7b3bf74e-0270-464e-a3c7-2547b7ad9281/203798e6-af88-42c4-b069-536f3904c583
90dfcb0e-5c98-4842-bd1c-f340cf46baaa,Проемы: Двери и фурнитура,c9dca01e-0c10-44a8-a6a0-3a934b2a79b2,1,Этап №1/Проемы: Двери и фурнитура,c9dca01e-0c10-44a8-a6a0-3a934b2a79b2/90dfcb0e-5c98-4842-bd1c-f340cf46baaa
98cd5b70-df0f-4615-b569-3fe67dcb5b76,Проемы,90dfcb0e-5c98-4842-bd1c-f340cf46baaa,2,Этап №1/Проемы: Двери и фурнитура/Проемы,c9dca01e-0c10-44a8-a6a0-3a934b2a79b2/90dfcb0e-5c98-4842-bd1c-f340cf46baaa/98cd5b70-df0f-4615-b569-3fe67dcb5b76
13c6a706-1adf-4a9a-a1b0-2c96f6b65ce9,Проемы: Откосы - облицовка,c9dca01e-0c10-44a8-a6a0-3a934b2a79b2,1,Этап №1/Проемы: Откосы - облицовка,c9dca01e-0c10-44a8-a6a0-3a934b2a79b2/13c6a706-1adf-4a9a-a1b0-2c96f6b65ce9
33b8486f-b4f5-4421-ab8c-f97e1b16aa45,Проемы,13c6a706-1adf-4a9a-a1b0-2c96f6b65ce9,2,Этап №1/Проемы: Откосы - облицовка/Проемы,c9dca01e-0c10-44a8-a6a0-3a934b2a79b2/13c6a706-1adf-4a9a-a1b0-2c96f6b65ce9/33b8486f-b4f5-4421-ab8c-f97e1b16aa45
e6521057-95b0-4302-9906-1cf2b05aed2b,Проемы: Откосы - штукатурка,c9dca01e-0c10-44a8-a6a0-3a934b2a79b2,1,Этап №1/Проемы: Откосы - штукатурка,c9dca01e-0c10-44a8-a6a0-3a934b2a79b2/e6521057-95b0-4302-9906-1cf2b05aed2b
f334bea9-83e0-410f-bbf2-3e110870ec15,Проемы: Откосы - штукатурка и шпатлевка,c9dca01e-0c10-44a8-a6a0-3a934b2a79b2,1,Этап №1/Проемы: Откосы - штукатурка и шпатлевка,c9dca01e-0c10-44a8-a6a0-3a934b2a79b2/f334bea9-83e0-410f-bbf2-3e110870ec15
87f383c6-9fa9-457b-9efb-caebf9773dba,Проемы,f334bea9-83e0-410f-bbf2-3e110870ec15,2,Этап №1/Проемы: Откосы - штукатурка и шпатлевка/Проемы,c9dca01e-0c10-44a8-a6a0-3a934b2a79b2/f334bea9-83e0-410f-bbf2-3e110870ec15/87f383c6-9fa9-457b-9efb-caebf9773dba
b55a8f9a-52f7-470e-9157-c4bc92433c4d,Проемы,e6521057-95b0-4302-9906-1cf2b05aed2b,2,Этап №1/Проемы: Откосы - штукатурка/Проемы,c9dca01e-0c10-44a8-a6a0-3a934b2a79b2/e6521057-95b0-4302-9906-1cf2b05aed2b/b55a8f9a-52f7-470e-9157-c4bc92433c4d
4c6fd16f-29b8-4b4e-8beb-ef2177308c80,Устройство перегородок,e6521057-95b0-4302-9906-1cf2b05aed2b,2,Этап №1/Проемы: Откосы - штукатурка/Устройство перегородок,c9dca01e-0c10-44a8-a6a0-3a934b2a79b2/e6521057-95b0-4302-9906-1cf2b05aed2b/4c6fd16f-29b8-4b4e-8beb-ef2177308c80
c0a8df86-b3e2-41b5-b796-35f6a8376ad0,Проемы: Прочее,c9dca01e-0c10-44a8-a6a0-3a934b2a79b2,1,Этап №1/Проемы: Прочее,c9dca01e-0c10-44a8-a6a0-3a934b2a79b2/c0a8df86-b3e2-41b5-b796-35f6a8376ad0
b92b695a-9267-4ada-a0d3-9d83a68021c0,Проемы,c0a8df86-b3e2-41b5-b796-35f6a8376ad0,2,Этап №1/Проемы: Прочее/Проемы,c9dca01e-0c10-44a8-a6a0-3a934b2a79b2/c0a8df86-b3e2-41b5-b796-35f6a8376ad0/b92b695a-9267-4ada-a0d3-9d83a68021c0
67f6d44b-aa73-4170-9ba1-ce100bd563fb,Проемы: Резка и устройство проемов,c9dca01e-0c10-44a8-a6a0-3a934b2a79b2,1,Этап №1/Проемы: Резка и устройство проемов,c9dca01e-0c10-44a8-a6a0-3a934b2a79b2/67f6d44b-aa73-4170-9ba1-ce100bd563fb
48278306-7070-4069-9c3c-fd3c52352ca0,Проемы,67f6d44b-aa73-4170-9ba1-ce100bd563fb,2,Этап №1/Проемы: Резка и устройство проемов/Проемы,c9dca01e-0c10-44a8-a6a0-3a934b2a79b2/67f6d44b-aa73-4170-9ba1-ce100bd563fb/48278306-7070-4069-9c3c-fd3c52352ca0
5d2639f0-8791-459b-8f8f-05de7f8b911f,Проемы: Штукатурка,c9dca01e-0c10-44a8-a6a0-3a934b2a79b2,1,Этап №1/Проемы: Штукатурка,c9dca01e-0c10-44a8-a6a0-3a934b2a79b2/5d2639f0-8791-459b-8f8f-05de7f8b911f
a2ae7443-7d3b-4f3e-b354-2c7fdc906472,Проемы,5d2639f0-8791-459b-8f8f-05de7f8b911f,2,Этап №1/Проемы: Штукатурка/Проемы,c9dca01e-0c10-44a8-a6a0-3a934b2a79b2/5d2639f0-8791-459b-8f8f-05de7f8b911f/a2ae7443-7d3b-4f3e-b354-2c7fdc906472
4d1ea5e1-d652-4a6b-81fb-ada59cbbc742,Стены,7b3bf74e-0270-464e-a3c7-2547b7ad9281,1,Этап №1/Стены,7b3bf74e-0270-464e-a3c7-2547b7ad9281/4d1ea5e1-d652-4a6b-81fb-ada59cbbc742
f52470ac-3f7a-410e-9590-83915d794208,"Откосы оконные, дверные",4d1ea5e1-d652-4a6b-81fb-ada59cbbc742,2,"Этап №1/Стены/Откосы оконные, дверные",7b3bf74e-0270-464e-a3c7-2547b7ad9281/4d1ea5e1-d652-4a6b-81fb-ada59cbbc742/f52470ac-3f7a-410e-9590-83915d794208
3f956719-5000-4aef-bc1b-5c27d38687e2,"Перегородки блочные, кирпичные",4d1ea5e1-d652-4a6b-81fb-ada59cbbc742,2,"Этап №1/Стены/Перегородки блочные, кирпичные",7b3bf74e-0270-464e-a3c7-2547b7ad9281/4d1ea5e1-d652-4a6b-81fb-ada59cbbc742/3f956719-5000-4aef-bc1b-5c27d38687e2
598913fc-349d-40fe-85e5-88700a1b0a28,Стены: штукатурка,c9dca01e-0c10-44a8-a6a0-3a934b2a79b2,1,Этап №1/Стены: штукатурка,c9dca01e-0c10-44a8-a6a0-3a934b2a79b2/598913fc-349d-40fe-85e5-88700a1b0a28
2712e411-5f9a-4590-897f-6118a697a51d,Стены,598913fc-349d-40fe-85e5-88700a1b0a28,2,Этап №1/Стены: штукатурка/Стены,c9dca01e-0c10-44a8-a6a0-3a934b2a79b2/598913fc-349d-40fe-85e5-88700a1b0a28/2712e411-5f9a-4590-897f-6118a697a51d
b2ac0623-9300-4aa2-930e-2a074802f67b,Устройство перегородок,598913fc-349d-40fe-85e5-88700a1b0a28,2,Этап №1/Стены: штукатурка/Устройство перегородок,c9dca01e-0c10-44a8-a6a0-3a934b2a79b2/598913fc-349d-40fe-85e5-88700a1b0a28/b2ac0623-9300-4aa2-930e-2a074802f67b
daa6bf2a-d1aa-4cf0-ba2c-c76b013f32b3,Штукатурные работы,4d1ea5e1-d652-4a6b-81fb-ada59cbbc742,2,Этап №1/Стены/Штукатурные работы,7b3bf74e-0270-464e-a3c7-2547b7ad9281/4d1ea5e1-d652-4a6b-81fb-ada59cbbc742/daa6bf2a-d1aa-4cf0-ba2c-c76b013f32b3
4f313537-f453-4c5d-b195-f5046f478a39,Этап №2,,0,Этап №2,4f313537-f453-4c5d-b195-f5046f478a39
002d844d-02f5-42ad-aac2-494c3a2ff33e,Этап №2,,0,Этап №2,002d844d-02f5-42ad-aac2-494c3a2ff33e
90e6ce91-7e7b-40f8-b9e8-f1ee7b53ab98,Вентиляция: Воздуховоды,002d844d-02f5-42ad-aac2-494c3a2ff33e,1,Этап №2/Вентиляция: Воздуховоды,002d844d-02f5-42ad-aac2-494c3a2ff33e/90e6ce91-7e7b-40f8-b9e8-f1ee7b53ab98
01c7f56c-05bb-471a-9437-11152f0c6b58,"Монтаж сетей отопления, кондиционирования и вентиляции",90e6ce91-7e7b-40f8-b9e8-f1ee7b53ab98,2,"Этап №2/Вентиляция: Воздуховоды/Монтаж сетей отопления, кондиционирования и вентиляции",002d844d-02f5-42ad-aac2-494c3a2ff33e/90e6ce91-7e7b-40f8-b9e8-f1ee7b53ab98/01c7f56c-05bb-471a-9437-11152f0c6b58
0a84e291-33cf-4b62-9081-68df934f72b4,Водоотведение,002d844d-02f5-42ad-aac2-494c3a2ff33e,1,Этап №2/Водоотведение,002d844d-02f5-42ad-aac2-494c3a2ff33e/0a84e291-33cf-4b62-9081-68df934f72b4
13ec3a9c-ac62-4e77-a5f0-7d98a692c4f2,Монтаж сетей водопровода и канализации,0a84e291-33cf-4b62-9081-68df934f72b4,2,Этап №2/Водоотведение/Монтаж сетей водопровода и канализации,002d844d-02f5-42ad-aac2-494c3a2ff33e/0a84e291-33cf-4b62-9081-68df934f72b4/13ec3a9c-ac62-4e77-a5f0-7d98a692c4f2
533b5740-6c28-40ca-957d-65d9a8084b6b,Водоснабжение: арматура,002d844d-02f5-42ad-aac2-494c3a2ff33e,1,Этап №2/Водоснабжение: арматура,002d844d-02f5-42ad-aac2-494c3a2ff33e/533b5740-6c28-40ca-957d-65d9a8084b6b
73ce0a48-2753-4b42-98fd-1a138c651cc9,Монтаж сетей водопровода и канализации,533b5740-6c28-40ca-957d-65d9a8084b6b,2,Этап №2/Водоснабжение: арматура/Монтаж сетей водопровода и канализации,002d844d-02f5-42ad-aac2-494c3a2ff33e/533b5740-6c28-40ca-957d-65d9a8084b6b/73ce0a48-2753-4b42-98fd-1a138c651cc9
6e1a175e-44c3-417b-8be2-1e67047ee5c5,Водоснабжение: оборудование,002d844d-02f5-42ad-aac2-494c3a2ff33e,1,Этап №2/Водоснабжение: оборудование,002d844d-02f5-42ad-aac2-494c3a2ff33e/6e1a175e-44c3-417b-8be2-1e67047ee5c5
6f660819-8773-4cc1-a6b8-1b1f3c9739aa,Монтаж сетей водопровода и канализации,6e1a175e-44c3-417b-8be2-1e67047ee5c5,2,Этап №2/Водоснабжение: оборудование/Монтаж сетей водопровода и канализации,002d844d-02f5-42ad-aac2-494c3a2ff33e/6e1a175e-44c3-417b-8be2-1e67047ee5c5/6f660819-8773-4cc1-a6b8-1b1f3c9739aa
4ecfc7aa-f7f3-4b69-b340-d117236fb4c2,Водоснабжение: трассы,002d844d-02f5-42ad-aac2-494c3a2ff33e,1,Этап №2/Водоснабжение: трассы,002d844d-02f5-42ad-aac2-494c3a2ff33e/4ecfc7aa-f7f3-4b69-b340-d117236fb4c2
09c75146-23db-4c0e-ad8a-13a3809978e5,Монтаж сетей водопровода и канализации,4ecfc7aa-f7f3-4b69-b340-d117236fb4c2,2,Этап №2/Водоснабжение: трассы/Монтаж сетей водопровода и канализации,002d844d-02f5-42ad-aac2-494c3a2ff33e/4ecfc7aa-f7f3-4b69-b340-d117236fb4c2/09c75146-23db-4c0e-ad8a-13a3809978e5
05f89dc5-aed5-41c0-af51-7ec76486e34f,Водоснабжение: учет,002d844d-02f5-42ad-aac2-494c3a2ff33e,1,Этап №2/Водоснабжение: учет,002d844d-02f5-42ad-aac2-494c3a2ff33e/05f89dc5-aed5-41c0-af51-7ec76486e34f
8c6d0677-5dbb-4c39-8e25-c15d3727906d,Монтаж сетей водопровода и канализации,05f89dc5-aed5-41c0-af51-7ec76486e34f,2,Этап №2/Водоснабжение: учет/Монтаж сетей водопровода и канализации,002d844d-02f5-42ad-aac2-494c3a2ff33e/05f89dc5-aed5-41c0-af51-7ec76486e34f/8c6d0677-5dbb-4c39-8e25-c15d3727906d
a3d1594b-7c2a-4c2e-819d-b641c2da3ec4,Водоснабжение: фильтра,002d844d-02f5-42ad-aac2-494c3a2ff33e,1,Этап №2/Водоснабжение: фильтра,002d844d-02f5-42ad-aac2-494c3a2ff33e/a3d1594b-7c2a-4c2e-819d-b641c2da3ec4
568e5ea8-118e-4c8d-9c0f-e70ed160c7d5,Монтаж сетей водопровода и канализации,a3d1594b-7c2a-4c2e-819d-b641c2da3ec4,2,Этап №2/Водоснабжение: фильтра/Монтаж сетей водопровода и канализации,002d844d-02f5-42ad-aac2-494c3a2ff33e/a3d1594b-7c2a-4c2e-819d-b641c2da3ec4/568e5ea8-118e-4c8d-9c0f-e70ed160c7d5
b5d1ece2-20e3-483c-b3ad-09b913722b33,Монтаж,002d844d-02f5-42ad-aac2-494c3a2ff33e,1,Этап №2/Монтаж,002d844d-02f5-42ad-aac2-494c3a2ff33e/b5d1ece2-20e3-483c-b3ad-09b913722b33
772b1b7b-0898-4885-928f-734e57f55ebd,Гидроизоляция,b5d1ece2-20e3-483c-b3ad-09b913722b33,2,Этап №2/Монтаж/Гидроизоляция,002d844d-02f5-42ad-aac2-494c3a2ff33e/b5d1ece2-20e3-483c-b3ad-09b913722b33/772b1b7b-0898-4885-928f-734e57f55ebd
0ff9dc58-1ade-4213-bfa8-5dedf44d9572,Отопление,002d844d-02f5-42ad-aac2-494c3a2ff33e,1,Этап №2/Отопление,002d844d-02f5-42ad-aac2-494c3a2ff33e/0ff9dc58-1ade-4213-bfa8-5dedf44d9572
6fedab32-e286-4aea-98ed-9b2c5d18bcc7,Отопление: Арматура и КИП,002d844d-02f5-42ad-aac2-494c3a2ff33e,1,Этап №2/Отопление: Арматура и КИП,002d844d-02f5-42ad-aac2-494c3a2ff33e/6fedab32-e286-4aea-98ed-9b2c5d18bcc7
383e5b44-6670-4f81-9a1c-1bbd5b6d2aaa,"Монтаж сетей отопления, кондиционирования и вентиляции",6fedab32-e286-4aea-98ed-9b2c5d18bcc7,2,"Этап №2/Отопление: Арматура и КИП/Монтаж сетей отопления, кондиционирования и вентиляции",002d844d-02f5-42ad-aac2-494c3a2ff33e/6fedab32-e286-4aea-98ed-9b2c5d18bcc7/383e5b44-6670-4f81-9a1c-1bbd5b6d2aaa
1ca6cb99-1c99-47e6-a089-d691da80fb5a,Отопление: Котельное оборудование,002d844d-02f5-42ad-aac2-494c3a2ff33e,1,Этап №2/Отопление: Котельное оборудование,002d844d-02f5-42ad-aac2-494c3a2ff33e/1ca6cb99-1c99-47e6-a089-d691da80fb5a
5fdc92d5-1efe-48e6-9941-75bc7a127d5d,"Монтаж сетей отопления, кондиционирования и вентиляции",1ca6cb99-1c99-47e6-a089-d691da80fb5a,2,"Этап №2/Отопление: Котельное оборудование/Монтаж сетей отопления, кондиционирования и вентиляции",002d844d-02f5-42ad-aac2-494c3a2ff33e/1ca6cb99-1c99-47e6-a089-d691da80fb5a/5fdc92d5-1efe-48e6-9941-75bc7a127d5d
2d08f6a9-6fec-49d7-86bb-dd27d66e7a02,Монтаж сетей водопровода и канализации,0ff9dc58-1ade-4213-bfa8-5dedf44d9572,2,Этап №2/Отопление/Монтаж сетей водопровода и канализации,002d844d-02f5-42ad-aac2-494c3a2ff33e/0ff9dc58-1ade-4213-bfa8-5dedf44d9572/2d08f6a9-6fec-49d7-86bb-dd27d66e7a02
d330a738-99c9-4de9-a511-295cf942fb2c,Отопление: Насосное оборудование,002d844d-02f5-42ad-aac2-494c3a2ff33e,1,Этап №2/Отопление: Насосное оборудование,002d844d-02f5-42ad-aac2-494c3a2ff33e/d330a738-99c9-4de9-a511-295cf942fb2c
3377e1cc-a214-488b-88bf-15a4a0d30636,"Монтаж сетей отопления, кондиционирования и вентиляции",d330a738-99c9-4de9-a511-295cf942fb2c,2,"Этап №2/Отопление: Насосное оборудование/Монтаж сетей отопления, кондиционирования и вентиляции",002d844d-02f5-42ad-aac2-494c3a2ff33e/d330a738-99c9-4de9-a511-295cf942fb2c/3377e1cc-a214-488b-88bf-15a4a0d30636
271876fb-082a-443f-9cb0-2ccd5321c9b7,Отопление: Отопительные приборы,002d844d-02f5-42ad-aac2-494c3a2ff33e,1,Этап №2/Отопление: Отопительные приборы,002d844d-02f5-42ad-aac2-494c3a2ff33e/271876fb-082a-443f-9cb0-2ccd5321c9b7
ba94b663-7615-4615-813f-59c88386bdfe,"Монтаж сетей отопления, кондиционирования и вентиляции",271876fb-082a-443f-9cb0-2ccd5321c9b7,2,"Этап №2/Отопление: Отопительные приборы/Монтаж сетей отопления, кондиционирования и вентиляции",002d844d-02f5-42ad-aac2-494c3a2ff33e/271876fb-082a-443f-9cb0-2ccd5321c9b7/ba94b663-7615-4615-813f-59c88386bdfe
fa5451ce-3458-48db-8651-3b667e1c3cea,Отопление: Пусконаладка и обслуживание,002d844d-02f5-42ad-aac2-494c3a2ff33e,1,Этап №2/Отопление: Пусконаладка и обслуживание,002d844d-02f5-42ad-aac2-494c3a2ff33e/fa5451ce-3458-48db-8651-3b667e1c3cea
80a551dc-d4f5-4ddd-8655-1454b2b162c9,"Монтаж сетей отопления, кондиционирования и вентиляции",fa5451ce-3458-48db-8651-3b667e1c3cea,2,"Этап №2/Отопление: Пусконаладка и обслуживание/Монтаж сетей отопления, кондиционирования и вентиляции",002d844d-02f5-42ad-aac2-494c3a2ff33e/fa5451ce-3458-48db-8651-3b667e1c3cea/80a551dc-d4f5-4ddd-8655-1454b2b162c9
ca16063e-cc9a-4fd9-883f-cfd4ee14f788,Отопление: Трубопроводы и коллекторы,002d844d-02f5-42ad-aac2-494c3a2ff33e,1,Этап №2/Отопление: Трубопроводы и коллекторы,002d844d-02f5-42ad-aac2-494c3a2ff33e/ca16063e-cc9a-4fd9-883f-cfd4ee14f788
5d9df88f-1831-4423-9cee-8e6e110c7f8e,"Монтаж сетей отопления, кондиционирования и вентиляции",ca16063e-cc9a-4fd9-883f-cfd4ee14f788,2,"Этап №2/Отопление: Трубопроводы и коллекторы/Монтаж сетей отопления, кондиционирования и вентиляции",002d844d-02f5-42ad-aac2-494c3a2ff33e/ca16063e-cc9a-4fd9-883f-cfd4ee14f788/5d9df88f-1831-4423-9cee-8e6e110c7f8e
46567273-ca6b-4709-9934-a73886e3fe0f,Прочее,002d844d-02f5-42ad-aac2-494c3a2ff33e,1,Этап №2/Прочее,002d844d-02f5-42ad-aac2-494c3a2ff33e/46567273-ca6b-4709-9934-a73886e3fe0f
b77a84df-f355-44f4-ac31-c0926df75841,"Монтаж сетей отопления, кондиционирования и вентиляции",46567273-ca6b-4709-9934-a73886e3fe0f,2,"Этап №2/Прочее/Монтаж сетей отопления, кондиционирования и вентиляции",002d844d-02f5-42ad-aac2-494c3a2ff33e/46567273-ca6b-4709-9934-a73886e3fe0f/b77a84df-f355-44f4-ac31-c0926df75841
1b065f24-41b2-42c4-ac15-bf16f05f7385,Сантехнические работы,4f313537-f453-4c5d-b195-f5046f478a39,1,Этап №2/Сантехнические работы,4f313537-f453-4c5d-b195-f5046f478a39/1b065f24-41b2-42c4-ac15-bf16f05f7385
b2e1ceab-e8f4-428f-899c-b239b3d282d6,Монтаж труб и арматуры,1b065f24-41b2-42c4-ac15-bf16f05f7385,2,Этап №2/Сантехнические работы/Монтаж труб и арматуры,4f313537-f453-4c5d-b195-f5046f478a39/1b065f24-41b2-42c4-ac15-bf16f05f7385/b2e1ceab-e8f4-428f-899c-b239b3d282d6
17e3e441-dcf7-47bc-ba46-7ff04b2e1e29,Установка водонагревателя,1b065f24-41b2-42c4-ac15-bf16f05f7385,2,Этап №2/Сантехнические работы/Установка водонагревателя,4f313537-f453-4c5d-b195-f5046f478a39/1b065f24-41b2-42c4-ac15-bf16f05f7385/17e3e441-dcf7-47bc-ba46-7ff04b2e1e29
84084676-4ba4-431e-a54c-19f416952d61,Установка и подключение смесителя,1b065f24-41b2-42c4-ac15-bf16f05f7385,2,Этап №2/Сантехнические работы/Установка и подключение смесителя,4f313537-f453-4c5d-b195-f5046f478a39/1b065f24-41b2-42c4-ac15-bf16f05f7385/84084676-4ba4-431e-a54c-19f416952d61
ad84130f-70ce-4da0-a842-c18fd666c69c,Установка радиаторов отопления,1b065f24-41b2-42c4-ac15-bf16f05f7385,2,Этап №2/Сантехнические работы/Установка радиаторов отопления,4f313537-f453-4c5d-b195-f5046f478a39/1b065f24-41b2-42c4-ac15-bf16f05f7385/ad84130f-70ce-4da0-a842-c18fd666c69c
f317a103-350f-402e-ac28-407d066b805a,Установка унитаза,1b065f24-41b2-42c4-ac15-bf16f05f7385,2,Этап №2/Сантехнические работы/Установка унитаза,4f313537-f453-4c5d-b195-f5046f478a39/1b065f24-41b2-42c4-ac15-bf16f05f7385/f317a103-350f-402e-ac28-407d066b805a
f0b2ef57-b603-4908-9213-7d5e7f813166,Установка оборудования,4f313537-f453-4c5d-b195-f5046f478a39,1,Этап №2/Установка оборудования,4f313537-f453-4c5d-b195-f5046f478a39/f0b2ef57-b603-4908-9213-7d5e7f813166
91b085ec-3d13-439a-a6fe-518be8395dd1,"Штробление, бурение",4f313537-f453-4c5d-b195-f5046f478a39,1,"Этап №2/Штробление, бурение",4f313537-f453-4c5d-b195-f5046f478a39/91b085ec-3d13-439a-a6fe-518be8395dd1
e59a13f2-2be6-429e-811f-2ffba32b8b98,"Трубы, гофра диаметр до 25 мм.",91b085ec-3d13-439a-a6fe-518be8395dd1,2,"Этап №2/Штробление, бурение/Трубы, гофра диаметр до 25 мм.",4f313537-f453-4c5d-b195-f5046f478a39/91b085ec-3d13-439a-a6fe-518be8395dd1/e59a13f2-2be6-429e-811f-2ffba32b8b98
2dcee967-7963-41ec-816c-bc79c4a11324,Электромонтаж: Заземление,002d844d-02f5-42ad-aac2-494c3a2ff33e,1,Этап №2/Электромонтаж: Заземление,002d844d-02f5-42ad-aac2-494c3a2ff33e/2dcee967-7963-41ec-816c-bc79c4a11324
aced3090-ee1f-4b86-8f3e-6523ddc4f512,Электрические сети,2dcee967-7963-41ec-816c-bc79c4a11324,2,Этап №2/Электромонтаж: Заземление/Электрические сети,002d844d-02f5-42ad-aac2-494c3a2ff33e/2dcee967-7963-41ec-816c-bc79c4a11324/aced3090-ee1f-4b86-8f3e-6523ddc4f512
10a207db-1a25-4296-877d-205da745a066,Электромонтаж: Коммутация и расключение,002d844d-02f5-42ad-aac2-494c3a2ff33e,1,Этап №2/Электромонтаж: Коммутация и расключение,002d844d-02f5-42ad-aac2-494c3a2ff33e/10a207db-1a25-4296-877d-205da745a066
b45dad34-9652-4350-aa6b-fed610101d20,Электрические сети,10a207db-1a25-4296-877d-205da745a066,2,Этап №2/Электромонтаж: Коммутация и расключение/Электрические сети,002d844d-02f5-42ad-aac2-494c3a2ff33e/10a207db-1a25-4296-877d-205da745a066/b45dad34-9652-4350-aa6b-fed610101d20
8d02cc01-f38d-4903-8e97-b9be9adc0053,Электромонтаж: Маркировка и измерения,002d844d-02f5-42ad-aac2-494c3a2ff33e,1,Этап №2/Электромонтаж: Маркировка и измерения,002d844d-02f5-42ad-aac2-494c3a2ff33e/8d02cc01-f38d-4903-8e97-b9be9adc0053
283e6d9c-8532-4c45-8cad-ae7cd104fae0,Электрические сети,8d02cc01-f38d-4903-8e97-b9be9adc0053,2,Этап №2/Электромонтаж: Маркировка и измерения/Электрические сети,002d844d-02f5-42ad-aac2-494c3a2ff33e/8d02cc01-f38d-4903-8e97-b9be9adc0053/283e6d9c-8532-4c45-8cad-ae7cd104fae0
51a40f81-2645-4c06-9810-4d870e6421d9,Электромонтаж: Монтаж автоматики,002d844d-02f5-42ad-aac2-494c3a2ff33e,1,Этап №2/Электромонтаж: Монтаж автоматики,002d844d-02f5-42ad-aac2-494c3a2ff33e/51a40f81-2645-4c06-9810-4d870e6421d9
ff9fd2fd-9bfa-4dd5-839d-0b2e20bd1474,Электрические сети,51a40f81-2645-4c06-9810-4d870e6421d9,2,Этап №2/Электромонтаж: Монтаж автоматики/Электрические сети,002d844d-02f5-42ad-aac2-494c3a2ff33e/51a40f81-2645-4c06-9810-4d870e6421d9/ff9fd2fd-9bfa-4dd5-839d-0b2e20bd1474
252b6c91-9ce0-4cbe-9d84-6ee99dbdbc21,Электромонтаж: Монтаж и сборка щитов,002d844d-02f5-42ad-aac2-494c3a2ff33e,1,Этап №2/Электромонтаж: Монтаж и сборка щитов,002d844d-02f5-42ad-aac2-494c3a2ff33e/252b6c91-9ce0-4cbe-9d84-6ee99dbdbc21
1bd78d3b-6b85-4d20-92e5-89ddcc40ff31,Электрические сети,252b6c91-9ce0-4cbe-9d84-6ee99dbdbc21,2,Этап №2/Электромонтаж: Монтаж и сборка щитов/Электрические сети,002d844d-02f5-42ad-aac2-494c3a2ff33e/252b6c91-9ce0-4cbe-9d84-6ee99dbdbc21/1bd78d3b-6b85-4d20-92e5-89ddcc40ff31
fe7f05fe-f247-4cd6-b641-794f86611f81,Электромонтаж: Монтаж кабельных систем,002d844d-02f5-42ad-aac2-494c3a2ff33e,1,Этап №2/Электромонтаж: Монтаж кабельных систем,002d844d-02f5-42ad-aac2-494c3a2ff33e/fe7f05fe-f247-4cd6-b641-794f86611f81
36f466a9-0721-40cd-8ec2-8f6a100bdf9a,Электрические сети,fe7f05fe-f247-4cd6-b641-794f86611f81,2,Этап №2/Электромонтаж: Монтаж кабельных систем/Электрические сети,002d844d-02f5-42ad-aac2-494c3a2ff33e/fe7f05fe-f247-4cd6-b641-794f86611f81/36f466a9-0721-40cd-8ec2-8f6a100bdf9a
9d6fca81-0dc8-4d6d-bbc3-9462e621393f,Электромонтаж: Монтаж коробок,002d844d-02f5-42ad-aac2-494c3a2ff33e,1,Этап №2/Электромонтаж: Монтаж коробок,002d844d-02f5-42ad-aac2-494c3a2ff33e/9d6fca81-0dc8-4d6d-bbc3-9462e621393f
a0deed17-5824-40d1-b102-2b799dd6c12d,Электрические сети,9d6fca81-0dc8-4d6d-bbc3-9462e621393f,2,Этап №2/Электромонтаж: Монтаж коробок/Электрические сети,002d844d-02f5-42ad-aac2-494c3a2ff33e/9d6fca81-0dc8-4d6d-bbc3-9462e621393f/a0deed17-5824-40d1-b102-2b799dd6c12d
0aa8e571-aee2-4994-b187-fd9d01347819,Электромонтаж: Монтаж оборудования,002d844d-02f5-42ad-aac2-494c3a2ff33e,1,Этап №2/Электромонтаж: Монтаж оборудования,002d844d-02f5-42ad-aac2-494c3a2ff33e/0aa8e571-aee2-4994-b187-fd9d01347819
96353f8d-4496-48fc-9340-65f5a635a518,Электрические сети,0aa8e571-aee2-4994-b187-fd9d01347819,2,Этап №2/Электромонтаж: Монтаж оборудования/Электрические сети,002d844d-02f5-42ad-aac2-494c3a2ff33e/0aa8e571-aee2-4994-b187-fd9d01347819/96353f8d-4496-48fc-9340-65f5a635a518
3289818b-b1f9-4e0c-a814-1c812756b6fb,Электромонтажные работы,4f313537-f453-4c5d-b195-f5046f478a39,1,Этап №2/Электромонтажные работы,4f313537-f453-4c5d-b195-f5046f478a39/3289818b-b1f9-4e0c-a814-1c812756b6fb
42245c9e-6d9f-41a2-9e25-5e975094b107,Электромонтаж: Подготовительные работы,002d844d-02f5-42ad-aac2-494c3a2ff33e,1,Этап №2/Электромонтаж: Подготовительные работы,002d844d-02f5-42ad-aac2-494c3a2ff33e/42245c9e-6d9f-41a2-9e25-5e975094b107
9db80786-24f4-4aa4-a5e6-6975a8d4a9e0,Электрические сети,42245c9e-6d9f-41a2-9e25-5e975094b107,2,Этап №2/Электромонтаж: Подготовительные работы/Электрические сети,002d844d-02f5-42ad-aac2-494c3a2ff33e/42245c9e-6d9f-41a2-9e25-5e975094b107/9db80786-24f4-4aa4-a5e6-6975a8d4a9e0
6b0b6131-044d-4e30-a74d-014d5fc3d27c,Электромонтаж: Прочее,002d844d-02f5-42ad-aac2-494c3a2ff33e,1,Этап №2/Электромонтаж: Прочее,002d844d-02f5-42ad-aac2-494c3a2ff33e/6b0b6131-044d-4e30-a74d-014d5fc3d27c
aba53443-aa03-400a-8561-619a175646ad,Электрические сети,6b0b6131-044d-4e30-a74d-014d5fc3d27c,2,Этап №2/Электромонтаж: Прочее/Электрические сети,002d844d-02f5-42ad-aac2-494c3a2ff33e/6b0b6131-044d-4e30-a74d-014d5fc3d27c/aba53443-aa03-400a-8561-619a175646ad
f655eec8-3003-4288-b34a-34bdcd04a832,Электромонтаж: Системы обогрева,002d844d-02f5-42ad-aac2-494c3a2ff33e,1,Этап №2/Электромонтаж: Системы обогрева,002d844d-02f5-42ad-aac2-494c3a2ff33e/f655eec8-3003-4288-b34a-34bdcd04a832
59cbc2eb-7c37-4aa7-9c75-36c5d0097650,Электрические сети,f655eec8-3003-4288-b34a-34bdcd04a832,2,Этап №2/Электромонтаж: Системы обогрева/Электрические сети,002d844d-02f5-42ad-aac2-494c3a2ff33e/f655eec8-3003-4288-b34a-34bdcd04a832/59cbc2eb-7c37-4aa7-9c75-36c5d0097650
a3430d67-3420-4bbc-b395-3754101eaee2,Электромонтаж: Спецоборудование,002d844d-02f5-42ad-aac2-494c3a2ff33e,1,Этап №2/Электромонтаж: Спецоборудование,002d844d-02f5-42ad-aac2-494c3a2ff33e/a3430d67-3420-4bbc-b395-3754101eaee2
545de9f3-5fe3-4017-996c-55a3b1d1dbc2,Электрические сети,a3430d67-3420-4bbc-b395-3754101eaee2,2,Этап №2/Электромонтаж: Спецоборудование/Электрические сети,002d844d-02f5-42ad-aac2-494c3a2ff33e/a3430d67-3420-4bbc-b395-3754101eaee2/545de9f3-5fe3-4017-996c-55a3b1d1dbc2
9dd38c97-8871-4743-ab3a-9174a6c900d0,Электромонтаж: Трассировка кабеля,002d844d-02f5-42ad-aac2-494c3a2ff33e,1,Этап №2/Электромонтаж: Трассировка кабеля,002d844d-02f5-42ad-aac2-494c3a2ff33e/9dd38c97-8871-4743-ab3a-9174a6c900d0
d16c998d-3e8a-46ad-bd9b-2d7ea864a2c5,Электрические сети,9dd38c97-8871-4743-ab3a-9174a6c900d0,2,Этап №2/Электромонтаж: Трассировка кабеля/Электрические сети,002d844d-02f5-42ad-aac2-494c3a2ff33e/9dd38c97-8871-4743-ab3a-9174a6c900d0/d16c998d-3e8a-46ad-bd9b-2d7ea864a2c5
bea8d717-3380-4166-822c-0d1c5a698c9f,Этап №3,,0,Этап №3,bea8d717-3380-4166-822c-0d1c5a698c9f
0260ee1f-efe9-4c7d-b9f4-554a1b577641,Этап №3,,0,Этап №3,0260ee1f-efe9-4c7d-b9f4-554a1b577641
3bd56514-3ddc-4c32-93da-c941bbef86b3,Кондиционирование: Трассы и коммуникации,bea8d717-3380-4166-822c-0d1c5a698c9f,1,Этап №3/Кондиционирование: Трассы и коммуникации,bea8d717-3380-4166-822c-0d1c5a698c9f/3bd56514-3ddc-4c32-93da-c941bbef86b3
18bb9ec2-b00d-4082-a095-d4e23ff0b27b,"Монтаж сетей отопления, кондиционирования и вентиляции",3bd56514-3ddc-4c32-93da-c941bbef86b3,2,"Этап №3/Кондиционирование: Трассы и коммуникации/Монтаж сетей отопления, кондиционирования и вентиляции",bea8d717-3380-4166-822c-0d1c5a698c9f/3bd56514-3ddc-4c32-93da-c941bbef86b3/18bb9ec2-b00d-4082-a095-d4e23ff0b27b
c68287b2-85b0-4b1c-895a-8e5420b6677d,Монтаж,bea8d717-3380-4166-822c-0d1c5a698c9f,1,Этап №3/Монтаж,bea8d717-3380-4166-822c-0d1c5a698c9f/c68287b2-85b0-4b1c-895a-8e5420b6677d
0e19ca51-b76e-4914-ae5f-e524827aafad,Гидроизоляция,c68287b2-85b0-4b1c-895a-8e5420b6677d,2,Этап №3/Монтаж/Гидроизоляция,bea8d717-3380-4166-822c-0d1c5a698c9f/c68287b2-85b0-4b1c-895a-8e5420b6677d/0e19ca51-b76e-4914-ae5f-e524827aafad
1d6a6760-a7f6-4e4b-8f55-395a2efb815a,Звукоизоляция,c68287b2-85b0-4b1c-895a-8e5420b6677d,2,Этап №3/Монтаж/Звукоизоляция,bea8d717-3380-4166-822c-0d1c5a698c9f/c68287b2-85b0-4b1c-895a-8e5420b6677d/1d6a6760-a7f6-4e4b-8f55-395a2efb815a
0034e022-2f1b-4250-b62e-5baa5652d018,Утепление,c68287b2-85b0-4b1c-895a-8e5420b6677d,2,Этап №3/Монтаж/Утепление,bea8d717-3380-4166-822c-0d1c5a698c9f/c68287b2-85b0-4b1c-895a-8e5420b6677d/0034e022-2f1b-4250-b62e-5baa5652d018
f1a1dd3e-fbf2-456d-b151-168e529c8e4c,Полы,0260ee1f-efe9-4c7d-b9f4-554a1b577641,1,Этап №3/Полы,0260ee1f-efe9-4c7d-b9f4-554a1b577641/f1a1dd3e-fbf2-456d-b151-168e529c8e4c
271d6de8-30d3-4862-94d5-c2f40b133998,"Ламинат, доска, массив, пробка",f1a1dd3e-fbf2-456d-b151-168e529c8e4c,2,"Этап №3/Полы/Ламинат, доска, массив, пробка",0260ee1f-efe9-4c7d-b9f4-554a1b577641/f1a1dd3e-fbf2-456d-b151-168e529c8e4c/271d6de8-30d3-4862-94d5-c2f40b133998
64a24f22-0556-4094-9283-1a2c844083a2,Полы: стяжка,bea8d717-3380-4166-822c-0d1c5a698c9f,1,Этап №3/Полы: стяжка,bea8d717-3380-4166-822c-0d1c5a698c9f/64a24f22-0556-4094-9283-1a2c844083a2
2dddc956-6158-4f93-9c91-6dca90107f64,Полы,64a24f22-0556-4094-9283-1a2c844083a2,2,Этап №3/Полы: стяжка/Полы,bea8d717-3380-4166-822c-0d1c5a698c9f/64a24f22-0556-4094-9283-1a2c844083a2/2dddc956-6158-4f93-9c91-6dca90107f64
4bc92e4e-463e-4bb9-a010-ded251dd1afc,"Стяжки, подиум",f1a1dd3e-fbf2-456d-b151-168e529c8e4c,2,"Этап №3/Полы/Стяжки, подиум",0260ee1f-efe9-4c7d-b9f4-554a1b577641/f1a1dd3e-fbf2-456d-b151-168e529c8e4c/4bc92e4e-463e-4bb9-a010-ded251dd1afc
90465a5b-7cf0-4d08-a345-fdb80c04697a,Сухие сборные полы Кнауф,f1a1dd3e-fbf2-456d-b151-168e529c8e4c,2,Этап №3/Полы/Сухие сборные полы Кнауф,0260ee1f-efe9-4c7d-b9f4-554a1b577641/f1a1dd3e-fbf2-456d-b151-168e529c8e4c/90465a5b-7cf0-4d08-a345-fdb80c04697a
94233014-8ed1-4012-ba49-ef846008dc74,Тепло-звуко-гидроизоляция пола,f1a1dd3e-fbf2-456d-b151-168e529c8e4c,2,Этап №3/Полы/Тепло-звуко-гидроизоляция пола,0260ee1f-efe9-4c7d-b9f4-554a1b577641/f1a1dd3e-fbf2-456d-b151-168e529c8e4c/94233014-8ed1-4012-ba49-ef846008dc74
dac1d266-868a-40ca-9680-d36f80336f4e,Полы: утепление,bea8d717-3380-4166-822c-0d1c5a698c9f,1,Этап №3/Полы: утепление,bea8d717-3380-4166-822c-0d1c5a698c9f/dac1d266-868a-40ca-9680-d36f80336f4e
6e7e55be-0804-4570-acab-e8fbcf8dee32,Полы,dac1d266-868a-40ca-9680-d36f80336f4e,2,Этап №3/Полы: утепление/Полы,bea8d717-3380-4166-822c-0d1c5a698c9f/dac1d266-868a-40ca-9680-d36f80336f4e/6e7e55be-0804-4570-acab-e8fbcf8dee32
5c33f391-4c1e-44ca-b510-16b1a839dcbe,Потолок,0260ee1f-efe9-4c7d-b9f4-554a1b577641,1,Этап №3/Потолок,0260ee1f-efe9-4c7d-b9f4-554a1b577641/5c33f391-4c1e-44ca-b510-16b1a839dcbe
d0422f27-a8a3-4d57-9005-674e2cde8aa4,Вентиляция,5c33f391-4c1e-44ca-b510-16b1a839dcbe,2,Этап №3/Потолок/Вентиляция,0260ee1f-efe9-4c7d-b9f4-554a1b577641/5c33f391-4c1e-44ca-b510-16b1a839dcbe/d0422f27-a8a3-4d57-9005-674e2cde8aa4
ffdc576c-548c-4bbd-93a5-34f2dcfe790d,ГКЛ потолок,5c33f391-4c1e-44ca-b510-16b1a839dcbe,2,Этап №3/Потолок/ГКЛ потолок,0260ee1f-efe9-4c7d-b9f4-554a1b577641/5c33f391-4c1e-44ca-b510-16b1a839dcbe/ffdc576c-548c-4bbd-93a5-34f2dcfe790d
30ea61a2-0381-4f9d-9b78-aa61c5c9d095,Потолок: Звукоизоляция,bea8d717-3380-4166-822c-0d1c5a698c9f,1,Этап №3/Потолок: Звукоизоляция,bea8d717-3380-4166-822c-0d1c5a698c9f/30ea61a2-0381-4f9d-9b78-aa61c5c9d095
10ad9d60-be10-47cc-9985-912a8bd7c335,Потолки,30ea61a2-0381-4f9d-9b78-aa61c5c9d095,2,Этап №3/Потолок: Звукоизоляция/Потолки,bea8d717-3380-4166-822c-0d1c5a698c9f/30ea61a2-0381-4f9d-9b78-aa61c5c9d095/10ad9d60-be10-47cc-9985-912a8bd7c335
d1d78d56-1609-44e1-8b0f-be42298b8198,Потолок: Конструкции из ГКЛ,bea8d717-3380-4166-822c-0d1c5a698c9f,1,Этап №3/Потолок: Конструкции из ГКЛ,bea8d717-3380-4166-822c-0d1c5a698c9f/d1d78d56-1609-44e1-8b0f-be42298b8198
70f89bbc-309b-4f39-ac5f-371814708080,Потолки,d1d78d56-1609-44e1-8b0f-be42298b8198,2,Этап №3/Потолок: Конструкции из ГКЛ/Потолки,bea8d717-3380-4166-822c-0d1c5a698c9f/d1d78d56-1609-44e1-8b0f-be42298b8198/70f89bbc-309b-4f39-ac5f-371814708080
960a5c0e-41b4-4fb1-9210-06ed8abf49f9,Потолок: Прочее,bea8d717-3380-4166-822c-0d1c5a698c9f,1,Этап №3/Потолок: Прочее,bea8d717-3380-4166-822c-0d1c5a698c9f/960a5c0e-41b4-4fb1-9210-06ed8abf49f9
936474da-516f-4dc0-8052-6452869826e2,Потолки,960a5c0e-41b4-4fb1-9210-06ed8abf49f9,2,Этап №3/Потолок: Прочее/Потолки,bea8d717-3380-4166-822c-0d1c5a698c9f/960a5c0e-41b4-4fb1-9210-06ed8abf49f9/936474da-516f-4dc0-8052-6452869826e2
3ecc3172-e2e8-4520-8384-96fb78d016e1,Тепло-звукоизоляция потолка,5c33f391-4c1e-44ca-b510-16b1a839dcbe,2,Этап №3/Потолок/Тепло-звукоизоляция потолка,0260ee1f-efe9-4c7d-b9f4-554a1b577641/5c33f391-4c1e-44ca-b510-16b1a839dcbe/3ecc3172-e2e8-4520-8384-96fb78d016e1
82d8f6c0-50d4-4122-8b09-99e191e1059e,Проемы: ГКЛ,bea8d717-3380-4166-822c-0d1c5a698c9f,1,Этап №3/Проемы: ГКЛ,bea8d717-3380-4166-822c-0d1c5a698c9f/82d8f6c0-50d4-4122-8b09-99e191e1059e
03283149-213f-45fc-9f3c-b2954155cae3,Проемы,82d8f6c0-50d4-4122-8b09-99e191e1059e,2,Этап №3/Проемы: ГКЛ/Проемы,bea8d717-3380-4166-822c-0d1c5a698c9f/82d8f6c0-50d4-4122-8b09-99e191e1059e/03283149-213f-45fc-9f3c-b2954155cae3
201338b2-a3a1-40e8-ae6d-0ff07eabd894,Проемы: Двери и фурнитура,bea8d717-3380-4166-822c-0d1c5a698c9f,1,Этап №3/Проемы: Двери и фурнитура,bea8d717-3380-4166-822c-0d1c5a698c9f/201338b2-a3a1-40e8-ae6d-0ff07eabd894
47d40dad-bab9-4021-b8a5-8857b8d30d60,Проемы,201338b2-a3a1-40e8-ae6d-0ff07eabd894,2,Этап №3/Проемы: Двери и фурнитура/Проемы,bea8d717-3380-4166-822c-0d1c5a698c9f/201338b2-a3a1-40e8-ae6d-0ff07eabd894/47d40dad-bab9-4021-b8a5-8857b8d30d60
e496242b-5a48-4379-a76e-a9a5995f8e43,Проемы: Окна и фурнитура,bea8d717-3380-4166-822c-0d1c5a698c9f,1,Этап №3/Проемы: Окна и фурнитура,bea8d717-3380-4166-822c-0d1c5a698c9f/e496242b-5a48-4379-a76e-a9a5995f8e43
aa2eaa77-d2d9-4307-9a4b-1330464808ea,Проемы,e496242b-5a48-4379-a76e-a9a5995f8e43,2,Этап №3/Проемы: Окна и фурнитура/Проемы,bea8d717-3380-4166-822c-0d1c5a698c9f/e496242b-5a48-4379-a76e-a9a5995f8e43/aa2eaa77-d2d9-4307-9a4b-1330464808ea
36859918-a6cf-4e8c-989a-869c7131484b,Проемы: Прочее,bea8d717-3380-4166-822c-0d1c5a698c9f,1,Этап №3/Проемы: Прочее,bea8d717-3380-4166-822c-0d1c5a698c9f/36859918-a6cf-4e8c-989a-869c7131484b
abd986f8-37f5-4ede-bbee-11e9a83d76b6,Проемы,36859918-a6cf-4e8c-989a-869c7131484b,2,Этап №3/Проемы: Прочее/Проемы,bea8d717-3380-4166-822c-0d1c5a698c9f/36859918-a6cf-4e8c-989a-869c7131484b/abd986f8-37f5-4ede-bbee-11e9a83d76b6
ba1860bd-fc19-4733-a1e5-a292e9dc9403,Сантехнические работы,0260ee1f-efe9-4c7d-b9f4-554a1b577641,1,Этап №3/Сантехнические работы,0260ee1f-efe9-4c7d-b9f4-554a1b577641/ba1860bd-fc19-4733-a1e5-a292e9dc9403
e5b4fd47-e457-42d4-acdb-0bc0695deceb,Установка и подключение душевой кабины,ba1860bd-fc19-4733-a1e5-a292e9dc9403,2,Этап №3/Сантехнические работы/Установка и подключение душевой кабины,0260ee1f-efe9-4c7d-b9f4-554a1b577641/ba1860bd-fc19-4733-a1e5-a292e9dc9403/e5b4fd47-e457-42d4-acdb-0bc0695deceb
ade0a780-8f4f-417a-aba4-9396364916df,Стены,0260ee1f-efe9-4c7d-b9f4-554a1b577641,1,Этап №3/Стены,0260ee1f-efe9-4c7d-b9f4-554a1b577641/ade0a780-8f4f-417a-aba4-9396364916df
e37ae789-8c3d-48f5-a909-5aeea1644b41,Стены: ГКЛ,bea8d717-3380-4166-822c-0d1c5a698c9f,1,Этап №3/Стены: ГКЛ,bea8d717-3380-4166-822c-0d1c5a698c9f/e37ae789-8c3d-48f5-a909-5aeea1644b41
748e6693-22d8-43a2-a42c-fbc86e410bb7,ГКЛ стены,ade0a780-8f4f-417a-aba4-9396364916df,2,Этап №3/Стены/ГКЛ стены,0260ee1f-efe9-4c7d-b9f4-554a1b577641/ade0a780-8f4f-417a-aba4-9396364916df/748e6693-22d8-43a2-a42c-fbc86e410bb7
98771d1a-c338-4d9f-a414-bcae93ab9cd9,Стены,e37ae789-8c3d-48f5-a909-5aeea1644b41,2,Этап №3/Стены: ГКЛ/Стены,bea8d717-3380-4166-822c-0d1c5a698c9f/e37ae789-8c3d-48f5-a909-5aeea1644b41/98771d1a-c338-4d9f-a414-bcae93ab9cd9
d380083a-d922-495b-b43b-da073259b49b,"Устройство перегородок, отделка стен и потолков",e37ae789-8c3d-48f5-a909-5aeea1644b41,2,"Этап №3/Стены: ГКЛ/Устройство перегородок, отделка стен и потолков",bea8d717-3380-4166-822c-0d1c5a698c9f/e37ae789-8c3d-48f5-a909-5aeea1644b41/d380083a-d922-495b-b43b-da073259b49b
b958b646-b06e-428f-87a5-dacd4fa2e184,"Панели, вагонка, МДФ стены",ade0a780-8f4f-417a-aba4-9396364916df,2,"Этап №3/Стены/Панели, вагонка, МДФ стены",0260ee1f-efe9-4c7d-b9f4-554a1b577641/ade0a780-8f4f-417a-aba4-9396364916df/b958b646-b06e-428f-87a5-dacd4fa2e184
7e1941ff-5e95-45c8-819d-0a5008af6546,Тепло-звуко-гидроизоляция стен,ade0a780-8f4f-417a-aba4-9396364916df,2,Этап №3/Стены/Тепло-звуко-гидроизоляция стен,0260ee1f-efe9-4c7d-b9f4-554a1b577641/ade0a780-8f4f-417a-aba4-9396364916df/7e1941ff-5e95-45c8-819d-0a5008af6546
be04fd84-1449-4352-9da6-f53d4eb890bd,Стены: теплоизоляция,bea8d717-3380-4166-822c-0d1c5a698c9f,1,Этап №3/Стены: теплоизоляция,bea8d717-3380-4166-822c-0d1c5a698c9f/be04fd84-1449-4352-9da6-f53d4eb890bd
b31d1497-3e19-4590-b247-36a0b4c20cbc,Стены,be04fd84-1449-4352-9da6-f53d4eb890bd,2,Этап №3/Стены: теплоизоляция/Стены,bea8d717-3380-4166-822c-0d1c5a698c9f/be04fd84-1449-4352-9da6-f53d4eb890bd/b31d1497-3e19-4590-b247-36a0b4c20cbc
c9700e69-ecfc-44bb-83b3-5ccca94d1633,Этап №4,,0,Этап №4,c9700e69-ecfc-44bb-83b3-5ccca94d1633
632a2fca-5b40-4b82-86dd-9f576d3e2396,Этап №4,,0,Этап №4,632a2fca-5b40-4b82-86dd-9f576d3e2396
f673fe2a-0f9c-411a-89d4-1ba2d93ff137,Вентиляция: Воздуховоды,c9700e69-ecfc-44bb-83b3-5ccca94d1633,1,Этап №4/Вентиляция: Воздуховоды,c9700e69-ecfc-44bb-83b3-5ccca94d1633/f673fe2a-0f9c-411a-89d4-1ba2d93ff137
d3e78aaf-ba18-47df-9a6c-c8cbccb475f2,"Монтаж сетей отопления, кондиционирования и вентиляции",f673fe2a-0f9c-411a-89d4-1ba2d93ff137,2,"Этап №4/Вентиляция: Воздуховоды/Монтаж сетей отопления, кондиционирования и вентиляции",c9700e69-ecfc-44bb-83b3-5ccca94d1633/f673fe2a-0f9c-411a-89d4-1ba2d93ff137/d3e78aaf-ba18-47df-9a6c-c8cbccb475f2
8fc154fd-1eaa-46b0-aaef-49710603192f,Вентиляция: Оборудование,c9700e69-ecfc-44bb-83b3-5ccca94d1633,1,Этап №4/Вентиляция: Оборудование,c9700e69-ecfc-44bb-83b3-5ccca94d1633/8fc154fd-1eaa-46b0-aaef-49710603192f
307b36a6-858d-4bb1-823f-d207fb62cd3b,"Монтаж сетей отопления, кондиционирования и вентиляции",8fc154fd-1eaa-46b0-aaef-49710603192f,2,"Этап №4/Вентиляция: Оборудование/Монтаж сетей отопления, кондиционирования и вентиляции",c9700e69-ecfc-44bb-83b3-5ccca94d1633/8fc154fd-1eaa-46b0-aaef-49710603192f/307b36a6-858d-4bb1-823f-d207fb62cd3b
1550acf6-9261-4511-9de2-e4d0bfd925e6,Полы,632a2fca-5b40-4b82-86dd-9f576d3e2396,1,Этап №4/Полы,632a2fca-5b40-4b82-86dd-9f576d3e2396/1550acf6-9261-4511-9de2-e4d0bfd925e6
94a2d602-b269-45a0-adfb-21c7ffd20e90,"Плинтус, порожки",1550acf6-9261-4511-9de2-e4d0bfd925e6,2,"Этап №4/Полы/Плинтус, порожки",632a2fca-5b40-4b82-86dd-9f576d3e2396/1550acf6-9261-4511-9de2-e4d0bfd925e6/94a2d602-b269-45a0-adfb-21c7ffd20e90
02aa7d55-5452-45b0-9533-88ade173b507,Потолок,632a2fca-5b40-4b82-86dd-9f576d3e2396,1,Этап №4/Потолок,632a2fca-5b40-4b82-86dd-9f576d3e2396/02aa7d55-5452-45b0-9533-88ade173b507
365aa095-296a-4db6-9fa6-67f0adff4c52,Малярные работы потолок,02aa7d55-5452-45b0-9533-88ade173b507,2,Этап №4/Потолок/Малярные работы потолок,632a2fca-5b40-4b82-86dd-9f576d3e2396/02aa7d55-5452-45b0-9533-88ade173b507/365aa095-296a-4db6-9fa6-67f0adff4c52
c766d369-1685-4274-acc1-c83f98d56066,Потолок: Прочее,c9700e69-ecfc-44bb-83b3-5ccca94d1633,1,Этап №4/Потолок: Прочее,c9700e69-ecfc-44bb-83b3-5ccca94d1633/c766d369-1685-4274-acc1-c83f98d56066
477b08f7-569f-4085-b365-405cbbf3c690,Потолки,c766d369-1685-4274-acc1-c83f98d56066,2,Этап №4/Потолок: Прочее/Потолки,c9700e69-ecfc-44bb-83b3-5ccca94d1633/c766d369-1685-4274-acc1-c83f98d56066/477b08f7-569f-4085-b365-405cbbf3c690
e88dffa5-f6f7-46ee-bd68-f2467cbf19ac,Потолок: Шпаклевка,c9700e69-ecfc-44bb-83b3-5ccca94d1633,1,Этап №4/Потолок: Шпаклевка,c9700e69-ecfc-44bb-83b3-5ccca94d1633/e88dffa5-f6f7-46ee-bd68-f2467cbf19ac
fb51dcf5-9ebb-4cec-88aa-1d0de363329b,Потолки,e88dffa5-f6f7-46ee-bd68-f2467cbf19ac,2,Этап №4/Потолок: Шпаклевка/Потолки,c9700e69-ecfc-44bb-83b3-5ccca94d1633/e88dffa5-f6f7-46ee-bd68-f2467cbf19ac/fb51dcf5-9ebb-4cec-88aa-1d0de363329b
ce0fba30-2921-4168-9297-5e83756a970d,Потолок: Шпатлевка,c9700e69-ecfc-44bb-83b3-5ccca94d1633,1,Этап №4/Потолок: Шпатлевка,c9700e69-ecfc-44bb-83b3-5ccca94d1633/ce0fba30-2921-4168-9297-5e83756a970d
8f68571f-a6bd-4afe-a5cd-3c0df3480169,Потолки,ce0fba30-2921-4168-9297-5e83756a970d,2,Этап №4/Потолок: Шпатлевка/Потолки,c9700e69-ecfc-44bb-83b3-5ccca94d1633/ce0fba30-2921-4168-9297-5e83756a970d/8f68571f-a6bd-4afe-a5cd-3c0df3480169
12316a47-e03b-4ac8-a3ae-47381c3afdcd,Потолок: Штукатурка,c9700e69-ecfc-44bb-83b3-5ccca94d1633,1,Этап №4/Потолок: Штукатурка,c9700e69-ecfc-44bb-83b3-5ccca94d1633/12316a47-e03b-4ac8-a3ae-47381c3afdcd
328469ec-8c15-45df-b768-60359ea6e0d7,Потолки,12316a47-e03b-4ac8-a3ae-47381c3afdcd,2,Этап №4/Потолок: Штукатурка/Потолки,c9700e69-ecfc-44bb-83b3-5ccca94d1633/12316a47-e03b-4ac8-a3ae-47381c3afdcd/328469ec-8c15-45df-b768-60359ea6e0d7
76adebe6-0d46-42d9-8f7d-2aa04ada88c9,Проемы,632a2fca-5b40-4b82-86dd-9f576d3e2396,1,Этап №4/Проемы,632a2fca-5b40-4b82-86dd-9f576d3e2396/76adebe6-0d46-42d9-8f7d-2aa04ada88c9
b6946e33-da0f-4017-b86e-faa4b79525c4,Проемы: Двери и фурнитура,c9700e69-ecfc-44bb-83b3-5ccca94d1633,1,Этап №4/Проемы: Двери и фурнитура,c9700e69-ecfc-44bb-83b3-5ccca94d1633/b6946e33-da0f-4017-b86e-faa4b79525c4
c7ab9891-97b4-41d7-bae8-82a2072c6e3a,Проемы,b6946e33-da0f-4017-b86e-faa4b79525c4,2,Этап №4/Проемы: Двери и фурнитура/Проемы,c9700e69-ecfc-44bb-83b3-5ccca94d1633/b6946e33-da0f-4017-b86e-faa4b79525c4/c7ab9891-97b4-41d7-bae8-82a2072c6e3a
0602e244-89db-4314-85e1-87de88e89c95,#ЗНАЧ!,76adebe6-0d46-42d9-8f7d-2aa04ada88c9,2,Этап №4/Проемы/#ЗНАЧ!,632a2fca-5b40-4b82-86dd-9f576d3e2396/76adebe6-0d46-42d9-8f7d-2aa04ada88c9/0602e244-89db-4314-85e1-87de88e89c95
04b3eb8e-ecd6-4011-b6db-323791ca09e5,Проемы: Откосы - шпатлевка,c9700e69-ecfc-44bb-83b3-5ccca94d1633,1,Этап №4/Проемы: Откосы - шпатлевка,c9700e69-ecfc-44bb-83b3-5ccca94d1633/04b3eb8e-ecd6-4011-b6db-323791ca09e5
cf4a38f6-5f02-4fd8-a200-4801021d6005,Проемы,04b3eb8e-ecd6-4011-b6db-323791ca09e5,2,Этап №4/Проемы: Откосы - шпатлевка/Проемы,c9700e69-ecfc-44bb-83b3-5ccca94d1633/04b3eb8e-ecd6-4011-b6db-323791ca09e5/cf4a38f6-5f02-4fd8-a200-4801021d6005
872777a9-5e4b-4f09-8730-ed3691c413f8,Проемы: Прочее,c9700e69-ecfc-44bb-83b3-5ccca94d1633,1,Этап №4/Проемы: Прочее,c9700e69-ecfc-44bb-83b3-5ccca94d1633/872777a9-5e4b-4f09-8730-ed3691c413f8
4a6b9301-adb7-4d73-889d-dd90802a0363,Проемы,872777a9-5e4b-4f09-8730-ed3691c413f8,2,Этап №4/Проемы: Прочее/Проемы,c9700e69-ecfc-44bb-83b3-5ccca94d1633/872777a9-5e4b-4f09-8730-ed3691c413f8/4a6b9301-adb7-4d73-889d-dd90802a0363
db563086-5c57-4bd0-b189-bea021ebc999,Проемы: Шпаклевка,c9700e69-ecfc-44bb-83b3-5ccca94d1633,1,Этап №4/Проемы: Шпаклевка,c9700e69-ecfc-44bb-83b3-5ccca94d1633/db563086-5c57-4bd0-b189-bea021ebc999
073d5c19-d46a-491c-a8dc-65dc1d9e73db,Проемы,db563086-5c57-4bd0-b189-bea021ebc999,2,Этап №4/Проемы: Шпаклевка/Проемы,c9700e69-ecfc-44bb-83b3-5ccca94d1633/db563086-5c57-4bd0-b189-bea021ebc999/073d5c19-d46a-491c-a8dc-65dc1d9e73db
d8052ea9-4896-4bee-a1e9-cec80829eaa1,Стены,632a2fca-5b40-4b82-86dd-9f576d3e2396,1,Этап №4/Стены,632a2fca-5b40-4b82-86dd-9f576d3e2396/d8052ea9-4896-4bee-a1e9-cec80829eaa1
5f86df73-9fd5-4cad-9b61-936c652b3191,Малярные работы,d8052ea9-4896-4bee-a1e9-cec80829eaa1,2,Этап №4/Стены/Малярные работы,632a2fca-5b40-4b82-86dd-9f576d3e2396/d8052ea9-4896-4bee-a1e9-cec80829eaa1/5f86df73-9fd5-4cad-9b61-936c652b3191
8827d2f7-49cf-492f-a7f4-dca4f443d412,Стены: шпаклевка,c9700e69-ecfc-44bb-83b3-5ccca94d1633,1,Этап №4/Стены: шпаклевка,c9700e69-ecfc-44bb-83b3-5ccca94d1633/8827d2f7-49cf-492f-a7f4-dca4f443d412
fa03fff5-3873-438d-bfbc-d59399fe20f3,Стены,8827d2f7-49cf-492f-a7f4-dca4f443d412,2,Этап №4/Стены: шпаклевка/Стены,c9700e69-ecfc-44bb-83b3-5ccca94d1633/8827d2f7-49cf-492f-a7f4-dca4f443d412/fa03fff5-3873-438d-bfbc-d59399fe20f3
9ea22501-8fc3-42b2-a544-8d3f693347d8,Этап №5,,0,Этап №5,9ea22501-8fc3-42b2-a544-8d3f693347d8
527c1223-a1d6-4a65-bf5f-8d0a82869e3f,Этап №5,,0,Этап №5,527c1223-a1d6-4a65-bf5f-8d0a82869e3f
20b06826-436e-463a-b7d8-ee3c904c65d2,Окна,9ea22501-8fc3-42b2-a544-8d3f693347d8,1,Этап №5/Окна,9ea22501-8fc3-42b2-a544-8d3f693347d8/20b06826-436e-463a-b7d8-ee3c904c65d2
8b5f5c83-277b-46ba-9d9e-8cf481489d4b,Плитка: Подрезка,527c1223-a1d6-4a65-bf5f-8d0a82869e3f,1,Этап №5/Плитка: Подрезка,527c1223-a1d6-4a65-bf5f-8d0a82869e3f/8b5f5c83-277b-46ba-9d9e-8cf481489d4b
c3bb0fe2-9081-4bbe-bfb0-e32f25371098,Прочее,8b5f5c83-277b-46ba-9d9e-8cf481489d4b,2,Этап №5/Плитка: Подрезка/Прочее,527c1223-a1d6-4a65-bf5f-8d0a82869e3f/8b5f5c83-277b-46ba-9d9e-8cf481489d4b/c3bb0fe2-9081-4bbe-bfb0-e32f25371098
ab51d4af-4830-4183-a3c7-091cbf3e9562,Полы: плитка,527c1223-a1d6-4a65-bf5f-8d0a82869e3f,1,Этап №5/Полы: плитка,527c1223-a1d6-4a65-bf5f-8d0a82869e3f/ab51d4af-4830-4183-a3c7-091cbf3e9562
89fd1818-c7a4-4ef2-a2e8-145984dca4dc,Полы,ab51d4af-4830-4183-a3c7-091cbf3e9562,2,Этап №5/Полы: плитка/Полы,527c1223-a1d6-4a65-bf5f-8d0a82869e3f/ab51d4af-4830-4183-a3c7-091cbf3e9562/89fd1818-c7a4-4ef2-a2e8-145984dca4dc
d1e62c8e-623a-4fa4-9061-d445a755fb7e,Потолок,9ea22501-8fc3-42b2-a544-8d3f693347d8,1,Этап №5/Потолок,9ea22501-8fc3-42b2-a544-8d3f693347d8/d1e62c8e-623a-4fa4-9061-d445a755fb7e
9c629c99-4de3-48f7-b3c8-59f1f0b07892,Вентиляция,d1e62c8e-623a-4fa4-9061-d445a755fb7e,2,Этап №5/Потолок/Вентиляция,9ea22501-8fc3-42b2-a544-8d3f693347d8/d1e62c8e-623a-4fa4-9061-d445a755fb7e/9c629c99-4de3-48f7-b3c8-59f1f0b07892
042745a5-ef35-4d94-8951-a453d662649d,"Карнизы, шторы, обои",d1e62c8e-623a-4fa4-9061-d445a755fb7e,2,"Этап №5/Потолок/Карнизы, шторы, обои",9ea22501-8fc3-42b2-a544-8d3f693347d8/d1e62c8e-623a-4fa4-9061-d445a755fb7e/042745a5-ef35-4d94-8951-a453d662649d
d666f6db-5afd-4ae7-b67a-616795edfba5,Малярные работы потолок,d1e62c8e-623a-4fa4-9061-d445a755fb7e,2,Этап №5/Потолок/Малярные работы потолок,9ea22501-8fc3-42b2-a544-8d3f693347d8/d1e62c8e-623a-4fa4-9061-d445a755fb7e/d666f6db-5afd-4ae7-b67a-616795edfba5
9ac72404-0a25-4308-854f-898d4baf7db1,Потолочные конструкции разные,d1e62c8e-623a-4fa4-9061-d445a755fb7e,2,Этап №5/Потолок/Потолочные конструкции разные,9ea22501-8fc3-42b2-a544-8d3f693347d8/d1e62c8e-623a-4fa4-9061-d445a755fb7e/9ac72404-0a25-4308-854f-898d4baf7db1
45cc04a8-32c6-4404-8f81-f386e507593e,"Потолочный плинтус, лепнина",d1e62c8e-623a-4fa4-9061-d445a755fb7e,2,"Этап №5/Потолок/Потолочный плинтус, лепнина",9ea22501-8fc3-42b2-a544-8d3f693347d8/d1e62c8e-623a-4fa4-9061-d445a755fb7e/45cc04a8-32c6-4404-8f81-f386e507593e
6e7a28e5-c903-4134-b7b4-a4a16e3f5e05,"Светильники потолочные, встраиваемые, люстры",d1e62c8e-623a-4fa4-9061-d445a755fb7e,2,"Этап №5/Потолок/Светильники потолочные, встраиваемые, люстры",9ea22501-8fc3-42b2-a544-8d3f693347d8/d1e62c8e-623a-4fa4-9061-d445a755fb7e/6e7a28e5-c903-4134-b7b4-a4a16e3f5e05
05ad4c05-0a53-4319-8422-887338d1cfce,Проемы: Откосы - облицовка,527c1223-a1d6-4a65-bf5f-8d0a82869e3f,1,Этап №5/Проемы: Откосы - облицовка,527c1223-a1d6-4a65-bf5f-8d0a82869e3f/05ad4c05-0a53-4319-8422-887338d1cfce
f50b18c2-6973-42b3-8746-d732ea24e7a8,Проемы,05ad4c05-0a53-4319-8422-887338d1cfce,2,Этап №5/Проемы: Откосы - облицовка/Проемы,527c1223-a1d6-4a65-bf5f-8d0a82869e3f/05ad4c05-0a53-4319-8422-887338d1cfce/f50b18c2-6973-42b3-8746-d732ea24e7a8
7bca39a7-46ff-4b07-88bf-92b3cacaa525,Проемы: Прочее,527c1223-a1d6-4a65-bf5f-8d0a82869e3f,1,Этап №5/Проемы: Прочее,527c1223-a1d6-4a65-bf5f-8d0a82869e3f/7bca39a7-46ff-4b07-88bf-92b3cacaa525
be4ab59d-74bb-4460-85c4-14bfe9010623,Проемы,7bca39a7-46ff-4b07-88bf-92b3cacaa525,2,Этап №5/Проемы: Прочее/Проемы,527c1223-a1d6-4a65-bf5f-8d0a82869e3f/7bca39a7-46ff-4b07-88bf-92b3cacaa525/be4ab59d-74bb-4460-85c4-14bfe9010623
b298caf3-6af7-4f4f-bb22-e0ebc980d382,Стены,9ea22501-8fc3-42b2-a544-8d3f693347d8,1,Этап №5/Стены,9ea22501-8fc3-42b2-a544-8d3f693347d8/b298caf3-6af7-4f4f-bb22-e0ebc980d382
a17e10ee-a597-4261-b587-06f94c2d726a,Декоративные покрытия,b298caf3-6af7-4f4f-bb22-e0ebc980d382,2,Этап №5/Стены/Декоративные покрытия,9ea22501-8fc3-42b2-a544-8d3f693347d8/b298caf3-6af7-4f4f-bb22-e0ebc980d382/a17e10ee-a597-4261-b587-06f94c2d726a
416fd3fc-da78-40c7-8d3d-96b3054a9749,Малярные работы,b298caf3-6af7-4f4f-bb22-e0ebc980d382,2,Этап №5/Стены/Малярные работы,9ea22501-8fc3-42b2-a544-8d3f693347d8/b298caf3-6af7-4f4f-bb22-e0ebc980d382/416fd3fc-da78-40c7-8d3d-96b3054a9749
8b612bf0-e44f-4819-90f9-00e617a7503b,"Панели, вагонка, МДФ стены",b298caf3-6af7-4f4f-bb22-e0ebc980d382,2,"Этап №5/Стены/Панели, вагонка, МДФ стены",9ea22501-8fc3-42b2-a544-8d3f693347d8/b298caf3-6af7-4f4f-bb22-e0ebc980d382/8b612bf0-e44f-4819-90f9-00e617a7503b
b595f998-19f8-4bab-ade9-af71e0102209,Стены: плитка,527c1223-a1d6-4a65-bf5f-8d0a82869e3f,1,Этап №5/Стены: плитка,527c1223-a1d6-4a65-bf5f-8d0a82869e3f/b595f998-19f8-4bab-ade9-af71e0102209
fad0e634-19d8-4c55-b322-9d0f99831dca,Стены,b595f998-19f8-4bab-ade9-af71e0102209,2,Этап №5/Стены: плитка/Стены,527c1223-a1d6-4a65-bf5f-8d0a82869e3f/b595f998-19f8-4bab-ade9-af71e0102209/fad0e634-19d8-4c55-b322-9d0f99831dca
71bd3e0b-2b9c-450a-a1a8-b27641fcb8da,Штукатурные работы,b298caf3-6af7-4f4f-bb22-e0ebc980d382,2,Этап №5/Стены/Штукатурные работы,9ea22501-8fc3-42b2-a544-8d3f693347d8/b298caf3-6af7-4f4f-bb22-e0ebc980d382/71bd3e0b-2b9c-450a-a1a8-b27641fcb8da
ec5833d2-97e2-4c2f-b64f-21f20c04209d,Этап №6,,0,Этап №6,ec5833d2-97e2-4c2f-b64f-21f20c04209d
b9688df0-2e41-4490-83a3-8219540bf9ce,Этап №6,,0,Этап №6,b9688df0-2e41-4490-83a3-8219540bf9ce
c8590c7a-5770-43f2-a25b-8fd6f6137ba5,Декоративная отделка,b9688df0-2e41-4490-83a3-8219540bf9ce,1,Этап №6/Декоративная отделка,b9688df0-2e41-4490-83a3-8219540bf9ce/c8590c7a-5770-43f2-a25b-8fd6f6137ba5
44b01d06-8a89-4285-ab7f-e0951fb3c7b4,Прочее,c8590c7a-5770-43f2-a25b-8fd6f6137ba5,2,Этап №6/Декоративная отделка/Прочее,b9688df0-2e41-4490-83a3-8219540bf9ce/c8590c7a-5770-43f2-a25b-8fd6f6137ba5/44b01d06-8a89-4285-ab7f-e0951fb3c7b4
df5827d7-eea5-48be-9484-b53a11a0dafa,Декоративные элементы,b9688df0-2e41-4490-83a3-8219540bf9ce,1,Этап №6/Декоративные элементы,b9688df0-2e41-4490-83a3-8219540bf9ce/df5827d7-eea5-48be-9484-b53a11a0dafa
65db9ad5-44af-41d5-abde-9e272c3aa33c,Элементы,df5827d7-eea5-48be-9484-b53a11a0dafa,2,Этап №6/Декоративные элементы/Элементы,b9688df0-2e41-4490-83a3-8219540bf9ce/df5827d7-eea5-48be-9484-b53a11a0dafa/65db9ad5-44af-41d5-abde-9e272c3aa33c
e128e247-7892-4138-9822-88650e7312d6,Окна,ec5833d2-97e2-4c2f-b64f-21f20c04209d,1,Этап №6/Окна,ec5833d2-97e2-4c2f-b64f-21f20c04209d/e128e247-7892-4138-9822-88650e7312d6
4536e1e9-546f-4049-95a4-d31e69f9a73a,Плитка: Затирка,b9688df0-2e41-4490-83a3-8219540bf9ce,1,Этап №6/Плитка: Затирка,b9688df0-2e41-4490-83a3-8219540bf9ce/4536e1e9-546f-4049-95a4-d31e69f9a73a
d1c8a7c6-a30e-4680-a834-1b518ff2d7ac,Прочее,4536e1e9-546f-4049-95a4-d31e69f9a73a,2,Этап №6/Плитка: Затирка/Прочее,b9688df0-2e41-4490-83a3-8219540bf9ce/4536e1e9-546f-4049-95a4-d31e69f9a73a/d1c8a7c6-a30e-4680-a834-1b518ff2d7ac
915deb62-4dad-454d-aa91-40e0d5f49bbe,Полы,ec5833d2-97e2-4c2f-b64f-21f20c04209d,1,Этап №6/Полы,ec5833d2-97e2-4c2f-b64f-21f20c04209d/915deb62-4dad-454d-aa91-40e0d5f49bbe
72607666-ba89-4794-93f5-b98151816d01,"Ламинат, доска, массив, пробка",915deb62-4dad-454d-aa91-40e0d5f49bbe,2,"Этап №6/Полы/Ламинат, доска, массив, пробка",ec5833d2-97e2-4c2f-b64f-21f20c04209d/915deb62-4dad-454d-aa91-40e0d5f49bbe/72607666-ba89-4794-93f5-b98151816d01
e1ba85ae-d5aa-4252-bef1-4d085cc950fb,"Линолеум, Ковролин, Кварцвинил",915deb62-4dad-454d-aa91-40e0d5f49bbe,2,"Этап №6/Полы/Линолеум, Ковролин, Кварцвинил",ec5833d2-97e2-4c2f-b64f-21f20c04209d/915deb62-4dad-454d-aa91-40e0d5f49bbe/e1ba85ae-d5aa-4252-bef1-4d085cc950fb
2ca69aa0-da07-4b5e-a77f-1ea3444a081d,"Плинтус, порожки",915deb62-4dad-454d-aa91-40e0d5f49bbe,2,"Этап №6/Полы/Плинтус, порожки",ec5833d2-97e2-4c2f-b64f-21f20c04209d/915deb62-4dad-454d-aa91-40e0d5f49bbe/2ca69aa0-da07-4b5e-a77f-1ea3444a081d
bf588417-8b8a-4d4a-8d38-0be989d90f58,Плиточные работы пол,915deb62-4dad-454d-aa91-40e0d5f49bbe,2,Этап №6/Полы/Плиточные работы пол,ec5833d2-97e2-4c2f-b64f-21f20c04209d/915deb62-4dad-454d-aa91-40e0d5f49bbe/bf588417-8b8a-4d4a-8d38-0be989d90f58
488c36b0-a707-45f2-8b6e-575553307546,"Стяжки, подиум",915deb62-4dad-454d-aa91-40e0d5f49bbe,2,"Этап №6/Полы/Стяжки, подиум",ec5833d2-97e2-4c2f-b64f-21f20c04209d/915deb62-4dad-454d-aa91-40e0d5f49bbe/488c36b0-a707-45f2-8b6e-575553307546
646ea647-05c2-4412-b870-ebd440f393a6,Тепло-звуко-гидроизоляция пола,915deb62-4dad-454d-aa91-40e0d5f49bbe,2,Этап №6/Полы/Тепло-звуко-гидроизоляция пола,ec5833d2-97e2-4c2f-b64f-21f20c04209d/915deb62-4dad-454d-aa91-40e0d5f49bbe/646ea647-05c2-4412-b870-ebd440f393a6
a2605fb4-e49d-48c2-9664-32d24087f45f,Тёплый пол электрический,915deb62-4dad-454d-aa91-40e0d5f49bbe,2,Этап №6/Полы/Тёплый пол электрический,ec5833d2-97e2-4c2f-b64f-21f20c04209d/915deb62-4dad-454d-aa91-40e0d5f49bbe/a2605fb4-e49d-48c2-9664-32d24087f45f
1bc07237-dc2b-48b7-889c-3d4532e83814,Полы: финиш,b9688df0-2e41-4490-83a3-8219540bf9ce,1,Этап №6/Полы: финиш,b9688df0-2e41-4490-83a3-8219540bf9ce/1bc07237-dc2b-48b7-889c-3d4532e83814
ee872a4e-c75d-4122-b743-d2356421f0c1,Полы,1bc07237-dc2b-48b7-889c-3d4532e83814,2,Этап №6/Полы: финиш/Полы,b9688df0-2e41-4490-83a3-8219540bf9ce/1bc07237-dc2b-48b7-889c-3d4532e83814/ee872a4e-c75d-4122-b743-d2356421f0c1
7f75cd32-c530-4878-9627-1f1bdf9ce7a9,Потолок: Декоративные элементы,b9688df0-2e41-4490-83a3-8219540bf9ce,1,Этап №6/Потолок: Декоративные элементы,b9688df0-2e41-4490-83a3-8219540bf9ce/7f75cd32-c530-4878-9627-1f1bdf9ce7a9
f421c00b-f742-488a-adc9-3ca6f6f39266,Потолки,7f75cd32-c530-4878-9627-1f1bdf9ce7a9,2,Этап №6/Потолок: Декоративные элементы/Потолки,b9688df0-2e41-4490-83a3-8219540bf9ce/7f75cd32-c530-4878-9627-1f1bdf9ce7a9/f421c00b-f742-488a-adc9-3ca6f6f39266
7f3ebf49-480a-4ccf-88f2-755ae5e7037e,Потолок: Покраска,b9688df0-2e41-4490-83a3-8219540bf9ce,1,Этап №6/Потолок: Покраска,b9688df0-2e41-4490-83a3-8219540bf9ce/7f3ebf49-480a-4ccf-88f2-755ae5e7037e
f592887f-fc87-4339-bc5a-9417b2da90d1,Потолки,7f3ebf49-480a-4ccf-88f2-755ae5e7037e,2,Этап №6/Потолок: Покраска/Потолки,b9688df0-2e41-4490-83a3-8219540bf9ce/7f3ebf49-480a-4ccf-88f2-755ae5e7037e/f592887f-fc87-4339-bc5a-9417b2da90d1
fa0e0093-95b5-4ba7-8735-da225e030124,Потолок: Прочее,b9688df0-2e41-4490-83a3-8219540bf9ce,1,Этап №6/Потолок: Прочее,b9688df0-2e41-4490-83a3-8219540bf9ce/fa0e0093-95b5-4ba7-8735-da225e030124
6171a966-d8f6-4cd2-b116-794f61c20849,Потолки,fa0e0093-95b5-4ba7-8735-da225e030124,2,Этап №6/Потолок: Прочее/Потолки,b9688df0-2e41-4490-83a3-8219540bf9ce/fa0e0093-95b5-4ba7-8735-da225e030124/6171a966-d8f6-4cd2-b116-794f61c20849
72547217-2c5d-477c-9432-4fe822b0c843,Проемы,ec5833d2-97e2-4c2f-b64f-21f20c04209d,1,Этап №6/Проемы,ec5833d2-97e2-4c2f-b64f-21f20c04209d/72547217-2c5d-477c-9432-4fe822b0c843
adefa4bf-eb40-402f-8018-92c1fbbbc85e,Проемы: Двери и фурнитура,b9688df0-2e41-4490-83a3-8219540bf9ce,1,Этап №6/Проемы: Двери и фурнитура,b9688df0-2e41-4490-83a3-8219540bf9ce/adefa4bf-eb40-402f-8018-92c1fbbbc85e
39f78919-f7c2-473a-bc23-776eb16b5561,Проемы,adefa4bf-eb40-402f-8018-92c1fbbbc85e,2,Этап №6/Проемы: Двери и фурнитура/Проемы,b9688df0-2e41-4490-83a3-8219540bf9ce/adefa4bf-eb40-402f-8018-92c1fbbbc85e/39f78919-f7c2-473a-bc23-776eb16b5561
f0465496-7d97-46e7-aa36-ba8b6c6d7e80,Проемы: Окна и фурнитура,b9688df0-2e41-4490-83a3-8219540bf9ce,1,Этап №6/Проемы: Окна и фурнитура,b9688df0-2e41-4490-83a3-8219540bf9ce/f0465496-7d97-46e7-aa36-ba8b6c6d7e80
d8b2a539-79a3-4d51-aa66-38bd9ac6ad5d,Проемы,f0465496-7d97-46e7-aa36-ba8b6c6d7e80,2,Этап №6/Проемы: Окна и фурнитура/Проемы,b9688df0-2e41-4490-83a3-8219540bf9ce/f0465496-7d97-46e7-aa36-ba8b6c6d7e80/d8b2a539-79a3-4d51-aa66-38bd9ac6ad5d
bb9c606f-cfac-4e4a-8910-929347352b55,Проемы: Откосы - покраска,b9688df0-2e41-4490-83a3-8219540bf9ce,1,Этап №6/Проемы: Откосы - покраска,b9688df0-2e41-4490-83a3-8219540bf9ce/bb9c606f-cfac-4e4a-8910-929347352b55
de30c67b-f64a-4234-aae2-680de1ba8508,Проемы,bb9c606f-cfac-4e4a-8910-929347352b55,2,Этап №6/Проемы: Откосы - покраска/Проемы,b9688df0-2e41-4490-83a3-8219540bf9ce/bb9c606f-cfac-4e4a-8910-929347352b55/de30c67b-f64a-4234-aae2-680de1ba8508
1a9e7112-97cd-4e7f-9b5e-92d2642ac1b0,Проемы: Прочее,b9688df0-2e41-4490-83a3-8219540bf9ce,1,Этап №6/Проемы: Прочее,b9688df0-2e41-4490-83a3-8219540bf9ce/1a9e7112-97cd-4e7f-9b5e-92d2642ac1b0
ee8a5f5f-2bb6-4a36-bad4-a58eb9654400,Проемы,1a9e7112-97cd-4e7f-9b5e-92d2642ac1b0,2,Этап №6/Проемы: Прочее/Проемы,b9688df0-2e41-4490-83a3-8219540bf9ce/1a9e7112-97cd-4e7f-9b5e-92d2642ac1b0/ee8a5f5f-2bb6-4a36-bad4-a58eb9654400
ce43d126-b411-484b-ab06-b6e3ea3125a1,Сантехнические работы,ec5833d2-97e2-4c2f-b64f-21f20c04209d,1,Этап №6/Сантехнические работы,ec5833d2-97e2-4c2f-b64f-21f20c04209d/ce43d126-b411-484b-ab06-b6e3ea3125a1
0615ade7-9131-4742-82ec-086999240d82,Установка ванны,ce43d126-b411-484b-ab06-b6e3ea3125a1,2,Этап №6/Сантехнические работы/Установка ванны,ec5833d2-97e2-4c2f-b64f-21f20c04209d/ce43d126-b411-484b-ab06-b6e3ea3125a1/0615ade7-9131-4742-82ec-086999240d82
49364787-d2de-4314-8cef-7289f8d0dbf7,Установка и подключение душевой кабины,ce43d126-b411-484b-ab06-b6e3ea3125a1,2,Этап №6/Сантехнические работы/Установка и подключение душевой кабины,ec5833d2-97e2-4c2f-b64f-21f20c04209d/ce43d126-b411-484b-ab06-b6e3ea3125a1/49364787-d2de-4314-8cef-7289f8d0dbf7
2f705f9d-9ad6-4fff-8bb3-e0308b6557af,Установка и подключение смесителя,ce43d126-b411-484b-ab06-b6e3ea3125a1,2,Этап №6/Сантехнические работы/Установка и подключение смесителя,ec5833d2-97e2-4c2f-b64f-21f20c04209d/ce43d126-b411-484b-ab06-b6e3ea3125a1/2f705f9d-9ad6-4fff-8bb3-e0308b6557af
f1b98ffd-29a8-45fc-8c1a-ce501b89586a,Установка полотенцесушителя,ce43d126-b411-484b-ab06-b6e3ea3125a1,2,Этап №6/Сантехнические работы/Установка полотенцесушителя,ec5833d2-97e2-4c2f-b64f-21f20c04209d/ce43d126-b411-484b-ab06-b6e3ea3125a1/f1b98ffd-29a8-45fc-8c1a-ce501b89586a
6a880de2-68b0-47b7-a2a5-fed6d7483755,Установка раковины и мойки,ce43d126-b411-484b-ab06-b6e3ea3125a1,2,Этап №6/Сантехнические работы/Установка раковины и мойки,ec5833d2-97e2-4c2f-b64f-21f20c04209d/ce43d126-b411-484b-ab06-b6e3ea3125a1/6a880de2-68b0-47b7-a2a5-fed6d7483755
ffeae274-0799-444c-8a9e-7c816d336430,Установка унитаза,ce43d126-b411-484b-ab06-b6e3ea3125a1,2,Этап №6/Сантехнические работы/Установка унитаза,ec5833d2-97e2-4c2f-b64f-21f20c04209d/ce43d126-b411-484b-ab06-b6e3ea3125a1/ffeae274-0799-444c-8a9e-7c816d336430
c046fd89-3b0a-4e1b-a6e7-2764b1ce09d8,Стены,ec5833d2-97e2-4c2f-b64f-21f20c04209d,1,Этап №6/Стены,ec5833d2-97e2-4c2f-b64f-21f20c04209d/c046fd89-3b0a-4e1b-a6e7-2764b1ce09d8
3c7aa1b3-08cb-4042-b375-1cb4a292ba34,Стены: декоративка,b9688df0-2e41-4490-83a3-8219540bf9ce,1,Этап №6/Стены: декоративка,b9688df0-2e41-4490-83a3-8219540bf9ce/3c7aa1b3-08cb-4042-b375-1cb4a292ba34
f9f38e29-2440-4cf0-b88f-8f3cb1faecfb,Стены,3c7aa1b3-08cb-4042-b375-1cb4a292ba34,2,Этап №6/Стены: декоративка/Стены,b9688df0-2e41-4490-83a3-8219540bf9ce/3c7aa1b3-08cb-4042-b375-1cb4a292ba34/f9f38e29-2440-4cf0-b88f-8f3cb1faecfb
543e0417-3fb6-494c-b7ea-c9b5436bc279,Стены: молдинги,b9688df0-2e41-4490-83a3-8219540bf9ce,1,Этап №6/Стены: молдинги,b9688df0-2e41-4490-83a3-8219540bf9ce/543e0417-3fb6-494c-b7ea-c9b5436bc279
94b1156e-901b-4e65-bc21-2cc283d43344,Стены,543e0417-3fb6-494c-b7ea-c9b5436bc279,2,Этап №6/Стены: молдинги/Стены,b9688df0-2e41-4490-83a3-8219540bf9ce/543e0417-3fb6-494c-b7ea-c9b5436bc279/94b1156e-901b-4e65-bc21-2cc283d43344
078bc305-1648-439d-b02e-a8afa6cc4840,Стены: обои,b9688df0-2e41-4490-83a3-8219540bf9ce,1,Этап №6/Стены: обои,b9688df0-2e41-4490-83a3-8219540bf9ce/078bc305-1648-439d-b02e-a8afa6cc4840
4e661aac-7a19-4719-a9d8-679fd9334317,Стены,078bc305-1648-439d-b02e-a8afa6cc4840,2,Этап №6/Стены: обои/Стены,b9688df0-2e41-4490-83a3-8219540bf9ce/078bc305-1648-439d-b02e-a8afa6cc4840/4e661aac-7a19-4719-a9d8-679fd9334317
18dacbfd-9ad7-455b-87ee-86732efc0943,Плиточные работы,c046fd89-3b0a-4e1b-a6e7-2764b1ce09d8,2,Этап №6/Стены/Плиточные работы,ec5833d2-97e2-4c2f-b64f-21f20c04209d/c046fd89-3b0a-4e1b-a6e7-2764b1ce09d8/18dacbfd-9ad7-455b-87ee-86732efc0943
fa3ea4e5-0835-4e98-9efd-1f7a8bfc543a,Стены: покраска,b9688df0-2e41-4490-83a3-8219540bf9ce,1,Этап №6/Стены: покраска,b9688df0-2e41-4490-83a3-8219540bf9ce/fa3ea4e5-0835-4e98-9efd-1f7a8bfc543a
1496d927-69e4-4074-9cbc-867923b033c3,Стены,fa3ea4e5-0835-4e98-9efd-1f7a8bfc543a,2,Этап №6/Стены: покраска/Стены,b9688df0-2e41-4490-83a3-8219540bf9ce/fa3ea4e5-0835-4e98-9efd-1f7a8bfc543a/1496d927-69e4-4074-9cbc-867923b033c3
95c9289e-1a55-4e41-b314-2c6a1df0bca2,Тепло-звуко-гидроизоляция стен,c046fd89-3b0a-4e1b-a6e7-2764b1ce09d8,2,Этап №6/Стены/Тепло-звуко-гидроизоляция стен,ec5833d2-97e2-4c2f-b64f-21f20c04209d/c046fd89-3b0a-4e1b-a6e7-2764b1ce09d8/95c9289e-1a55-4e41-b314-2c6a1df0bca2
3c3a00c2-ceea-4516-a283-ae4b344619b2,Электромонтажные работы,ec5833d2-97e2-4c2f-b64f-21f20c04209d,1,Этап №6/Электромонтажные работы,ec5833d2-97e2-4c2f-b64f-21f20c04209d/3c3a00c2-ceea-4516-a283-ae4b344619b2
463a45df-1ec6-40d0-970f-4d7c0f8e2781,Этап №7,,0,Этап №7,463a45df-1ec6-40d0-970f-4d7c0f8e2781
da612f7b-7a71-4288-b392-f6d5b8bbaf91,Этап №7,,0,Этап №7,da612f7b-7a71-4288-b392-f6d5b8bbaf91
eae333f8-33d9-4582-a9c4-721a4fdd09ba,Кондиционирование: Оборудование,da612f7b-7a71-4288-b392-f6d5b8bbaf91,1,Этап №7/Кондиционирование: Оборудование,da612f7b-7a71-4288-b392-f6d5b8bbaf91/eae333f8-33d9-4582-a9c4-721a4fdd09ba
c762f931-0d49-4696-b5c8-59b9ef159be2,"Монтаж сетей отопления, кондиционирования и вентиляции",eae333f8-33d9-4582-a9c4-721a4fdd09ba,2,"Этап №7/Кондиционирование: Оборудование/Монтаж сетей отопления, кондиционирования и вентиляции",da612f7b-7a71-4288-b392-f6d5b8bbaf91/eae333f8-33d9-4582-a9c4-721a4fdd09ba/c762f931-0d49-4696-b5c8-59b9ef159be2
b75135f0-13c7-47cf-b78d-84dbbd2babb4,Монтаж,da612f7b-7a71-4288-b392-f6d5b8bbaf91,1,Этап №7/Монтаж,da612f7b-7a71-4288-b392-f6d5b8bbaf91/b75135f0-13c7-47cf-b78d-84dbbd2babb4
7ea6ab96-7e38-4855-b946-0b920688e32d,Бытовая техника,b75135f0-13c7-47cf-b78d-84dbbd2babb4,2,Этап №7/Монтаж/Бытовая техника,da612f7b-7a71-4288-b392-f6d5b8bbaf91/b75135f0-13c7-47cf-b78d-84dbbd2babb4/7ea6ab96-7e38-4855-b946-0b920688e32d
8166ea69-22f1-4de7-8db5-279ae4923119,Кухня,b75135f0-13c7-47cf-b78d-84dbbd2babb4,2,Этап №7/Монтаж/Кухня,da612f7b-7a71-4288-b392-f6d5b8bbaf91/b75135f0-13c7-47cf-b78d-84dbbd2babb4/8166ea69-22f1-4de7-8db5-279ae4923119
054557bc-a07b-40d3-805b-1309f4ad361e,Мебель,b75135f0-13c7-47cf-b78d-84dbbd2babb4,2,Этап №7/Монтаж/Мебель,da612f7b-7a71-4288-b392-f6d5b8bbaf91/b75135f0-13c7-47cf-b78d-84dbbd2babb4/054557bc-a07b-40d3-805b-1309f4ad361e
288b7db0-3e27-4387-9e3e-99a2fb7c8e5b,Межкомнатные двери,b75135f0-13c7-47cf-b78d-84dbbd2babb4,2,Этап №7/Монтаж/Межкомнатные двери,da612f7b-7a71-4288-b392-f6d5b8bbaf91/b75135f0-13c7-47cf-b78d-84dbbd2babb4/288b7db0-3e27-4387-9e3e-99a2fb7c8e5b
b3b622aa-1bc0-44fe-8d97-d18f76f058e5,Окна,b75135f0-13c7-47cf-b78d-84dbbd2babb4,2,Этап №7/Монтаж/Окна,da612f7b-7a71-4288-b392-f6d5b8bbaf91/b75135f0-13c7-47cf-b78d-84dbbd2babb4/b3b622aa-1bc0-44fe-8d97-d18f76f058e5
7b9f4a91-d629-4be1-8199-a65984bb13f3,Розетки и выключатели,b75135f0-13c7-47cf-b78d-84dbbd2babb4,2,Этап №7/Монтаж/Розетки и выключатели,da612f7b-7a71-4288-b392-f6d5b8bbaf91/b75135f0-13c7-47cf-b78d-84dbbd2babb4/7b9f4a91-d629-4be1-8199-a65984bb13f3
f01c7549-f9b3-466e-93b4-fa598f28d9d3,Электрооборудование,b75135f0-13c7-47cf-b78d-84dbbd2babb4,2,Этап №7/Монтаж/Электрооборудование,da612f7b-7a71-4288-b392-f6d5b8bbaf91/b75135f0-13c7-47cf-b78d-84dbbd2babb4/f01c7549-f9b3-466e-93b4-fa598f28d9d3
976f16d5-a968-4d08-892e-55db93dfc726,Оборудование,da612f7b-7a71-4288-b392-f6d5b8bbaf91,1,Этап №7/Оборудование,da612f7b-7a71-4288-b392-f6d5b8bbaf91/976f16d5-a968-4d08-892e-55db93dfc726
471187e0-2955-405b-a16f-f049a8677b87,Освещение,976f16d5-a968-4d08-892e-55db93dfc726,2,Этап №7/Оборудование/Освещение,da612f7b-7a71-4288-b392-f6d5b8bbaf91/976f16d5-a968-4d08-892e-55db93dfc726/471187e0-2955-405b-a16f-f049a8677b87
13f6cc64-0cda-49c4-97bb-112e2db2f8d6,Потолок: Обои,da612f7b-7a71-4288-b392-f6d5b8bbaf91,1,Этап №7/Потолок: Обои,da612f7b-7a71-4288-b392-f6d5b8bbaf91/13f6cc64-0cda-49c4-97bb-112e2db2f8d6
18aa667a-cc2a-4978-ad5c-593b217b6a2c,Потолки,13f6cc64-0cda-49c4-97bb-112e2db2f8d6,2,Этап №7/Потолок: Обои/Потолки,da612f7b-7a71-4288-b392-f6d5b8bbaf91/13f6cc64-0cda-49c4-97bb-112e2db2f8d6/18aa667a-cc2a-4978-ad5c-593b217b6a2c
16c5ad8d-009d-45e7-bf74-9b4e7f819e1d,Потолок: Подвесные и натяжные,da612f7b-7a71-4288-b392-f6d5b8bbaf91,1,Этап №7/Потолок: Подвесные и натяжные,da612f7b-7a71-4288-b392-f6d5b8bbaf91/16c5ad8d-009d-45e7-bf74-9b4e7f819e1d
a6f79baa-b224-48d1-b389-ed15f3e6925e,Потолки,16c5ad8d-009d-45e7-bf74-9b4e7f819e1d,2,Этап №7/Потолок: Подвесные и натяжные/Потолки,da612f7b-7a71-4288-b392-f6d5b8bbaf91/16c5ad8d-009d-45e7-bf74-9b4e7f819e1d/a6f79baa-b224-48d1-b389-ed15f3e6925e
f53d17ff-06e9-485b-a2e4-ea26262073a0,Проемы: Двери и фурнитура,da612f7b-7a71-4288-b392-f6d5b8bbaf91,1,Этап №7/Проемы: Двери и фурнитура,da612f7b-7a71-4288-b392-f6d5b8bbaf91/f53d17ff-06e9-485b-a2e4-ea26262073a0
f713fc15-39db-45e2-b5be-580721b86a0a,Проемы,f53d17ff-06e9-485b-a2e4-ea26262073a0,2,Этап №7/Проемы: Двери и фурнитура/Проемы,da612f7b-7a71-4288-b392-f6d5b8bbaf91/f53d17ff-06e9-485b-a2e4-ea26262073a0/f713fc15-39db-45e2-b5be-580721b86a0a
b202e6b2-293d-4365-a0c7-0723bb9f7b88,Проемы: Прочее,da612f7b-7a71-4288-b392-f6d5b8bbaf91,1,Этап №7/Проемы: Прочее,da612f7b-7a71-4288-b392-f6d5b8bbaf91/b202e6b2-293d-4365-a0c7-0723bb9f7b88
1ddaf243-3a2f-4c7b-ad0c-19e3d235d305,Проемы,b202e6b2-293d-4365-a0c7-0723bb9f7b88,2,Этап №7/Проемы: Прочее/Проемы,da612f7b-7a71-4288-b392-f6d5b8bbaf91/b202e6b2-293d-4365-a0c7-0723bb9f7b88/1ddaf243-3a2f-4c7b-ad0c-19e3d235d305
ddbc475d-8fe8-4981-967a-d4141736230b,Прочее,da612f7b-7a71-4288-b392-f6d5b8bbaf91,1,Этап №7/Прочее,da612f7b-7a71-4288-b392-f6d5b8bbaf91/ddbc475d-8fe8-4981-967a-d4141736230b
db1fa54f-f781-4847-b5ef-6ba57a7a5b45,Прочее,ddbc475d-8fe8-4981-967a-d4141736230b,2,Этап №7/Прочее/Прочее,da612f7b-7a71-4288-b392-f6d5b8bbaf91/ddbc475d-8fe8-4981-967a-d4141736230b/db1fa54f-f781-4847-b5ef-6ba57a7a5b45
2f90442c-c6ff-4f52-b09a-7930c7fb6138,Прочие виды работ,463a45df-1ec6-40d0-970f-4d7c0f8e2781,1,Этап №7/Прочие виды работ,463a45df-1ec6-40d0-970f-4d7c0f8e2781/2f90442c-c6ff-4f52-b09a-7930c7fb6138
a1577b00-fe95-428b-837d-27a5b1514946,Сантехника: Герметизация,da612f7b-7a71-4288-b392-f6d5b8bbaf91,1,Этап №7/Сантехника: Герметизация,da612f7b-7a71-4288-b392-f6d5b8bbaf91/a1577b00-fe95-428b-837d-27a5b1514946
76fc7424-fc20-4767-a02e-402aae710455,Сантехника,a1577b00-fe95-428b-837d-27a5b1514946,2,Этап №7/Сантехника: Герметизация/Сантехника,da612f7b-7a71-4288-b392-f6d5b8bbaf91/a1577b00-fe95-428b-837d-27a5b1514946/76fc7424-fc20-4767-a02e-402aae710455
c73113f7-f446-48fb-80c0-f61df7dcfcb2,Сантехника: Демонта,da612f7b-7a71-4288-b392-f6d5b8bbaf91,1,Этап №7/Сантехника: Демонта,da612f7b-7a71-4288-b392-f6d5b8bbaf91/c73113f7-f446-48fb-80c0-f61df7dcfcb2
c3a6fbf9-55b3-4b01-97b1-877e2e7a2ec1,Сантехника,c73113f7-f446-48fb-80c0-f61df7dcfcb2,2,Этап №7/Сантехника: Демонта/Сантехника,da612f7b-7a71-4288-b392-f6d5b8bbaf91/c73113f7-f446-48fb-80c0-f61df7dcfcb2/c3a6fbf9-55b3-4b01-97b1-877e2e7a2ec1
9e36468d-ef53-42c0-b125-53bbd4dd584b,Сантехника: Оборудование,da612f7b-7a71-4288-b392-f6d5b8bbaf91,1,Этап №7/Сантехника: Оборудование,da612f7b-7a71-4288-b392-f6d5b8bbaf91/9e36468d-ef53-42c0-b125-53bbd4dd584b
47fe2c99-83db-4dfc-be98-bef48c24ad28,Сантехника,9e36468d-ef53-42c0-b125-53bbd4dd584b,2,Этап №7/Сантехника: Оборудование/Сантехника,da612f7b-7a71-4288-b392-f6d5b8bbaf91/9e36468d-ef53-42c0-b125-53bbd4dd584b/47fe2c99-83db-4dfc-be98-bef48c24ad28
4902a728-4d12-4953-9f54-692c63850889,Установка оборудования,463a45df-1ec6-40d0-970f-4d7c0f8e2781,1,Этап №7/Установка оборудования,463a45df-1ec6-40d0-970f-4d7c0f8e2781/4902a728-4d12-4953-9f54-692c63850889
